raj,raj_id,raj_nome,juiz_diretor,email,comarca_cirscunscricao,comarca,cirscunscricao_judiciaria
1ª RAJ - Grande São Paulo,1ª RAJ,Grande São Paulo,Juiza diretora: Gabriela Fragoso Calasso Costa,(gfccosta@tjsp.jus.br),Arujá - 44ª CJ,Arujá,44ª CJ
1ª RAJ - Grande São Paulo,1ª RAJ,Grande São Paulo,Juiza diretora: Gabriela Fragoso Calasso Costa,(gfccosta@tjsp.jus.br),Barueri - 4ª CJ,Barueri,4ª CJ
1ª RAJ - Grande São Paulo,1ª RAJ,Grande São Paulo,Juiza diretora: Gabriela Fragoso Calasso Costa,(gfccosta@tjsp.jus.br),Carapicuiba - 4ª CJ,Carapicuiba,4ª CJ
1ª RAJ - Grande São Paulo,1ª RAJ,Grande São Paulo,Juiza diretora: Gabriela Fragoso Calasso Costa,(gfccosta@tjsp.jus.br),Cotia - 52ª CJ,Cotia,52ª CJ
1ª RAJ - Grande São Paulo,1ª RAJ,Grande São Paulo,Juiza diretora: Gabriela Fragoso Calasso Costa,(gfccosta@tjsp.jus.br),Diadema - 2ª CJ,Diadema,2ª CJ
1ª RAJ - Grande São Paulo,1ª RAJ,Grande São Paulo,Juiza diretora: Gabriela Fragoso Calasso Costa,(gfccosta@tjsp.jus.br),Embu das Artes - 52ª CJ,Embu das Artes,52ª CJ
1ª RAJ - Grande São Paulo,1ª RAJ,Grande São Paulo,Juiza diretora: Gabriela Fragoso Calasso Costa,(gfccosta@tjsp.jus.br),Embu-Guaçu - 52ª CJ,Embu-Guaçu,52ª CJ
1ª RAJ - Grande São Paulo,1ª RAJ,Grande São Paulo,Juiza diretora: Gabriela Fragoso Calasso Costa,(gfccosta@tjsp.jus.br),Ferraz de Vasconcelos - 45ª CJ,Ferraz de Vasconcelos,45ª CJ
1ª RAJ - Grande São Paulo,1ª RAJ,Grande São Paulo,Juiza diretora: Gabriela Fragoso Calasso Costa,(gfccosta@tjsp.jus.br),Guararema - 45ª CJ,Guararema,45ª CJ
1ª RAJ - Grande São Paulo,1ª RAJ,Grande São Paulo,Juiza diretora: Gabriela Fragoso Calasso Costa,(gfccosta@tjsp.jus.br),Guarulhos - 44ª CJ,Guarulhos,44ª CJ
1ª RAJ - Grande São Paulo,1ª RAJ,Grande São Paulo,Juiza diretora: Gabriela Fragoso Calasso Costa,(gfccosta@tjsp.jus.br),Itapecerica da Serra - 52ª CJ,Itapecerica da Serra,52ª CJ
1ª RAJ - Grande São Paulo,1ª RAJ,Grande São Paulo,Juiza diretora: Gabriela Fragoso Calasso Costa,(gfccosta@tjsp.jus.br),Itapevi - 52ª CJ,Itapevi,52ª CJ
1ª RAJ - Grande São Paulo,1ª RAJ,Grande São Paulo,Juiza diretora: Gabriela Fragoso Calasso Costa,(gfccosta@tjsp.jus.br),Itaquaquecetuba - 45ª CJ,Itaquaquecetuba,45ª CJ
1ª RAJ - Grande São Paulo,1ª RAJ,Grande São Paulo,Juiza diretora: Gabriela Fragoso Calasso Costa,(gfccosta@tjsp.jus.br),Jandira - 4ª CJ,Jandira,4ª CJ
1ª RAJ - Grande São Paulo,1ª RAJ,Grande São Paulo,Juiza diretora: Gabriela Fragoso Calasso Costa,(gfccosta@tjsp.jus.br),Mairiporã - 44ª CJ,Mairiporã,44ª CJ
1ª RAJ - Grande São Paulo,1ª RAJ,Grande São Paulo,Juiza diretora: Gabriela Fragoso Calasso Costa,(gfccosta@tjsp.jus.br),Mauá - 3ª CJ,Mauá,3ª CJ
1ª RAJ - Grande São Paulo,1ª RAJ,Grande São Paulo,Juiza diretora: Gabriela Fragoso Calasso Costa,(gfccosta@tjsp.jus.br),Mogi das Cruzes - 45ª CJ,Mogi das Cruzes,45ª CJ
1ª RAJ - Grande São Paulo,1ª RAJ,Grande São Paulo,Juiza diretora: Gabriela Fragoso Calasso Costa,(gfccosta@tjsp.jus.br),Osasco - 4ª CJ,Osasco,4ª CJ
1ª RAJ - Grande São Paulo,1ª RAJ,Grande São Paulo,Juiza diretora: Gabriela Fragoso Calasso Costa,(gfccosta@tjsp.jus.br),Poá - 45ª CJ,Poá,45ª CJ
1ª RAJ - Grande São Paulo,1ª RAJ,Grande São Paulo,Juiza diretora: Gabriela Fragoso Calasso Costa,(gfccosta@tjsp.jus.br),Ribeirão Pires - 3ª CJ,Ribeirão Pires,3ª CJ
1ª RAJ - Grande São Paulo,1ª RAJ,Grande São Paulo,Juiza diretora: Gabriela Fragoso Calasso Costa,(gfccosta@tjsp.jus.br),Rio Grande de Serra - 3ª CJ,Rio Grande de Serra,3ª CJ
1ª RAJ - Grande São Paulo,1ª RAJ,Grande São Paulo,Juiza diretora: Gabriela Fragoso Calasso Costa,(gfccosta@tjsp.jus.br),Santa Isabel - 44ª CJ,Santa Isabel,44ª CJ
1ª RAJ - Grande São Paulo,1ª RAJ,Grande São Paulo,Juiza diretora: Gabriela Fragoso Calasso Costa,(gfccosta@tjsp.jus.br),Santana do Parnaíba - 4ª CJ,Santana do Parnaíba,4ª CJ
1ª RAJ - Grande São Paulo,1ª RAJ,Grande São Paulo,Juiza diretora: Gabriela Fragoso Calasso Costa,(gfccosta@tjsp.jus.br),Santo André - 3ª CJ,Santo André,3ª CJ
1ª RAJ - Grande São Paulo,1ª RAJ,Grande São Paulo,Juiza diretora: Gabriela Fragoso Calasso Costa,(gfccosta@tjsp.jus.br),São Bernardo do Campo - 2ª CJ,São Bernardo do Campo,2ª CJ
1ª RAJ - Grande São Paulo,1ª RAJ,Grande São Paulo,Juiza diretora: Gabriela Fragoso Calasso Costa,(gfccosta@tjsp.jus.br),São Caetano do Sul - 3ª CJ,São Caetano do Sul,3ª CJ
1ª RAJ - Grande São Paulo,1ª RAJ,Grande São Paulo,Juiza diretora: Gabriela Fragoso Calasso Costa,(gfccosta@tjsp.jus.br),São Paulo - Capital,São Paulo,Capital
1ª RAJ - Grande São Paulo,1ª RAJ,Grande São Paulo,Juiza diretora: Gabriela Fragoso Calasso Costa,(gfccosta@tjsp.jus.br),Suzano - 45ª CJ,Suzano,45ª CJ
1ª RAJ - Grande São Paulo,1ª RAJ,Grande São Paulo,Juiza diretora: Gabriela Fragoso Calasso Costa,(gfccosta@tjsp.jus.br),Taboão da Serra - 52ª CJ,Taboão da Serra,52ª CJ
1ª RAJ - Grande São Paulo,1ª RAJ,Grande São Paulo,Juiza diretora: Gabriela Fragoso Calasso Costa,(gfccosta@tjsp.jus.br),Vargem Grande Paulista - 52ª CJ,Vargem Grande Paulista,52ª CJ
1ª RAJ - Grande São Paulo,1ª RAJ,Grande São Paulo,Juiza diretora: Gabriela Fragoso Calasso Costa,(gfccosta@tjsp.jus.br),Altinópolis - 39ª CJ,Altinópolis,39ª CJ
1ª RAJ - Grande São Paulo,1ª RAJ,Grande São Paulo,Juiza diretora: Gabriela Fragoso Calasso Costa,(gfccosta@tjsp.jus.br),Américo Brasiliense - 13ª CJ,Américo Brasiliense,13ª CJ
1ª RAJ - Grande São Paulo,1ª RAJ,Grande São Paulo,Juiza diretora: Gabriela Fragoso Calasso Costa,(gfccosta@tjsp.jus.br),Araraquara - 13ª CJ,Araraquara,13ª CJ
1ª RAJ - Grande São Paulo,1ª RAJ,Grande São Paulo,Juiza diretora: Gabriela Fragoso Calasso Costa,(gfccosta@tjsp.jus.br),Batatais - 39ª CJ,Batatais,39ª CJ
1ª RAJ - Grande São Paulo,1ª RAJ,Grande São Paulo,Juiza diretora: Gabriela Fragoso Calasso Costa,(gfccosta@tjsp.jus.br),Borborema - 13ª CJ,Borborema,13ª CJ
1ª RAJ - Grande São Paulo,1ª RAJ,Grande São Paulo,Juiza diretora: Gabriela Fragoso Calasso Costa,(gfccosta@tjsp.jus.br),Brodowski - 39ª CJ,Brodowski,39ª CJ
1ª RAJ - Grande São Paulo,1ª RAJ,Grande São Paulo,Juiza diretora: Gabriela Fragoso Calasso Costa,(gfccosta@tjsp.jus.br),Caconde - 43ª CJ,Caconde,43ª CJ
1ª RAJ - Grande São Paulo,1ª RAJ,Grande São Paulo,Juiza diretora: Gabriela Fragoso Calasso Costa,(gfccosta@tjsp.jus.br),Cajuru - 41ª CJ,Cajuru,41ª CJ
1ª RAJ - Grande São Paulo,1ª RAJ,Grande São Paulo,Juiza diretora: Gabriela Fragoso Calasso Costa,(gfccosta@tjsp.jus.br),Casa Branca - 43ª CJ,Casa Branca,43ª CJ
1ª RAJ - Grande São Paulo,1ª RAJ,Grande São Paulo,Juiza diretora: Gabriela Fragoso Calasso Costa,(gfccosta@tjsp.jus.br),Cravinhos - 41ª CJ,Cravinhos,41ª CJ
1ª RAJ - Grande São Paulo,1ª RAJ,Grande São Paulo,Juiza diretora: Gabriela Fragoso Calasso Costa,(gfccosta@tjsp.jus.br),Descalvado - 12ª CJ,Descalvado,12ª CJ
1ª RAJ - Grande São Paulo,1ª RAJ,Grande São Paulo,Juiza diretora: Gabriela Fragoso Calasso Costa,(gfccosta@tjsp.jus.br),Franca - 38ª CJ,Franca,38ª CJ
1ª RAJ - Grande São Paulo,1ª RAJ,Grande São Paulo,Juiza diretora: Gabriela Fragoso Calasso Costa,(gfccosta@tjsp.jus.br),Guará - 40ª CJ,Guará,40ª CJ
1ª RAJ - Grande São Paulo,1ª RAJ,Grande São Paulo,Juiza diretora: Gabriela Fragoso Calasso Costa,(gfccosta@tjsp.jus.br),Guariba - 42ª CJ,Guariba,42ª CJ
1ª RAJ - Grande São Paulo,1ª RAJ,Grande São Paulo,Juiza diretora: Gabriela Fragoso Calasso Costa,(gfccosta@tjsp.jus.br),Iacanga - 13ª CJ,Iacanga,13ª CJ
1ª RAJ - Grande São Paulo,1ª RAJ,Grande São Paulo,Juiza diretora: Gabriela Fragoso Calasso Costa,(gfccosta@tjsp.jus.br),Ibaté - 12ª CJ,Ibaté,12ª CJ
1ª RAJ - Grande São Paulo,1ª RAJ,Grande São Paulo,Juiza diretora: Gabriela Fragoso Calasso Costa,(gfccosta@tjsp.jus.br),Ibitinga - 13ª CJ,Ibitinga,13ª CJ
1ª RAJ - Grande São Paulo,1ª RAJ,Grande São Paulo,Juiza diretora: Gabriela Fragoso Calasso Costa,(gfccosta@tjsp.jus.br),Igarapava - 40ª CJ,Igarapava,40ª CJ
1ª RAJ - Grande São Paulo,1ª RAJ,Grande São Paulo,Juiza diretora: Gabriela Fragoso Calasso Costa,(gfccosta@tjsp.jus.br),Ipuã - 40ª CJ,Ipuã,40ª CJ
1ª RAJ - Grande São Paulo,1ª RAJ,Grande São Paulo,Juiza diretora: Gabriela Fragoso Calasso Costa,(gfccosta@tjsp.jus.br),Itápolis - 13ª CJ,Itápolis,13ª CJ
1ª RAJ - Grande São Paulo,1ª RAJ,Grande São Paulo,Juiza diretora: Gabriela Fragoso Calasso Costa,(gfccosta@tjsp.jus.br),Ituverava - 40ª CJ,Ituverava,40ª CJ
1ª RAJ - Grande São Paulo,1ª RAJ,Grande São Paulo,Juiza diretora: Gabriela Fragoso Calasso Costa,(gfccosta@tjsp.jus.br),Jaboticabal - 42ª CJ,Jaboticabal,42ª CJ
1ª RAJ - Grande São Paulo,1ª RAJ,Grande São Paulo,Juiza diretora: Gabriela Fragoso Calasso Costa,(gfccosta@tjsp.jus.br),Jardinópolis - 41ª CJ,Jardinópolis,41ª CJ
1ª RAJ - Grande São Paulo,1ª RAJ,Grande São Paulo,Juiza diretora: Gabriela Fragoso Calasso Costa,(gfccosta@tjsp.jus.br),Matão - 13ª CJ,Matão,13ª CJ
1ª RAJ - Grande São Paulo,1ª RAJ,Grande São Paulo,Juiza diretora: Gabriela Fragoso Calasso Costa,(gfccosta@tjsp.jus.br),Miguelópolis - 40ª CJ,Miguelópolis,40ª CJ
1ª RAJ - Grande São Paulo,1ª RAJ,Grande São Paulo,Juiza diretora: Gabriela Fragoso Calasso Costa,(gfccosta@tjsp.jus.br),Mococa - 43ª CJ,Mococa,43ª CJ
1ª RAJ - Grande São Paulo,1ª RAJ,Grande São Paulo,Juiza diretora: Gabriela Fragoso Calasso Costa,(gfccosta@tjsp.jus.br),Monte Alto - 42ª CJ,Monte Alto,42ª CJ
1ª RAJ - Grande São Paulo,1ª RAJ,Grande São Paulo,Juiza diretora: Gabriela Fragoso Calasso Costa,(gfccosta@tjsp.jus.br),Morro Agudo - 39ª CJ,Morro Agudo,39ª CJ
1ª RAJ - Grande São Paulo,1ª RAJ,Grande São Paulo,Juiza diretora: Gabriela Fragoso Calasso Costa,(gfccosta@tjsp.jus.br),Nuporanga - 39ª CJ,Nuporanga,39ª CJ
1ª RAJ - Grande São Paulo,1ª RAJ,Grande São Paulo,Juiza diretora: Gabriela Fragoso Calasso Costa,(gfccosta@tjsp.jus.br),Orlândia - 39ª CJ,Orlândia,39ª CJ
1ª RAJ - Grande São Paulo,1ª RAJ,Grande São Paulo,Juiza diretora: Gabriela Fragoso Calasso Costa,(gfccosta@tjsp.jus.br),Patrocínio Paulista - 38ª CJ,Patrocínio Paulista,38ª CJ
1ª RAJ - Grande São Paulo,1ª RAJ,Grande São Paulo,Juiza diretora: Gabriela Fragoso Calasso Costa,(gfccosta@tjsp.jus.br),Pedregulho - 38ª CJ,Pedregulho,38ª CJ
1ª RAJ - Grande São Paulo,1ª RAJ,Grande São Paulo,Juiza diretora: Gabriela Fragoso Calasso Costa,(gfccosta@tjsp.jus.br),Pirangi - 42ª CJ,Pirangi,42ª CJ
1ª RAJ - Grande São Paulo,1ª RAJ,Grande São Paulo,Juiza diretora: Gabriela Fragoso Calasso Costa,(gfccosta@tjsp.jus.br),Pitangueiras - 42ª CJ,Pitangueiras,42ª CJ
1ª RAJ - Grande São Paulo,1ª RAJ,Grande São Paulo,Juiza diretora: Gabriela Fragoso Calasso Costa,(gfccosta@tjsp.jus.br),Pontal - 41ª CJ,Pontal,41ª CJ
1ª RAJ - Grande São Paulo,1ª RAJ,Grande São Paulo,Juiza diretora: Gabriela Fragoso Calasso Costa,(gfccosta@tjsp.jus.br),Ribeirão Bonito - 12ª CJ,Ribeirão Bonito,12ª CJ
1ª RAJ - Grande São Paulo,1ª RAJ,Grande São Paulo,Juiza diretora: Gabriela Fragoso Calasso Costa,(gfccosta@tjsp.jus.br),Ribeirão Preto - 41ª CJ,Ribeirão Preto,41ª CJ
1ª RAJ - Grande São Paulo,1ª RAJ,Grande São Paulo,Juiza diretora: Gabriela Fragoso Calasso Costa,(gfccosta@tjsp.jus.br),Santa Cruz das Palmeiras - 43ª CJ,Santa Cruz das Palmeiras,43ª CJ
1ª RAJ - Grande São Paulo,1ª RAJ,Grande São Paulo,Juiza diretora: Gabriela Fragoso Calasso Costa,(gfccosta@tjsp.jus.br),Santa Rosa do Viterbo - 41ª CJ,Santa Rosa do Viterbo,41ª CJ
1ª RAJ - Grande São Paulo,1ª RAJ,Grande São Paulo,Juiza diretora: Gabriela Fragoso Calasso Costa,(gfccosta@tjsp.jus.br),São Carlos - 12ª CJ,São Carlos,12ª CJ
1ª RAJ - Grande São Paulo,1ª RAJ,Grande São Paulo,Juiza diretora: Gabriela Fragoso Calasso Costa,(gfccosta@tjsp.jus.br),São Joaquim da Barra - 40ª CJ,São Joaquim da Barra,40ª CJ
1ª RAJ - Grande São Paulo,1ª RAJ,Grande São Paulo,Juiza diretora: Gabriela Fragoso Calasso Costa,(gfccosta@tjsp.jus.br),São José do Rio Pardo - 43ª CJ,São José do Rio Pardo,43ª CJ
1ª RAJ - Grande São Paulo,1ª RAJ,Grande São Paulo,Juiza diretora: Gabriela Fragoso Calasso Costa,(gfccosta@tjsp.jus.br),São Sebastião da Grama - 43ª CJ,São Sebastião da Grama,43ª CJ
1ª RAJ - Grande São Paulo,1ª RAJ,Grande São Paulo,Juiza diretora: Gabriela Fragoso Calasso Costa,(gfccosta@tjsp.jus.br),São Simão - 41ª CJ,São Simão,41ª CJ
1ª RAJ - Grande São Paulo,1ª RAJ,Grande São Paulo,Juiza diretora: Gabriela Fragoso Calasso Costa,(gfccosta@tjsp.jus.br),Serrana - 41ª CJ,Serrana,41ª CJ
1ª RAJ - Grande São Paulo,1ª RAJ,Grande São Paulo,Juiza diretora: Gabriela Fragoso Calasso Costa,(gfccosta@tjsp.jus.br),Sertãozinho - 41ª CJ,Sertãozinho,41ª CJ
1ª RAJ - Grande São Paulo,1ª RAJ,Grande São Paulo,Juiza diretora: Gabriela Fragoso Calasso Costa,(gfccosta@tjsp.jus.br),Tambaú - 43ª CJ,Tambaú,43ª CJ
1ª RAJ - Grande São Paulo,1ª RAJ,Grande São Paulo,Juiza diretora: Gabriela Fragoso Calasso Costa,(gfccosta@tjsp.jus.br),Taquaritinga - 42ª CJ,Taquaritinga,42ª CJ
6ª RAJ - Ribeirão Preto,6ª RAJ,Ribeirão Preto,Juiz diretor: Reginaldo Siqueira,(rsiqueira@tjsp.jus.br),Altinópolis - 39ª CJ,Altinópolis,39ª CJ
6ª RAJ - Ribeirão Preto,6ª RAJ,Ribeirão Preto,Juiz diretor: Reginaldo Siqueira,(rsiqueira@tjsp.jus.br),Américo Brasiliense - 13ª CJ,Américo Brasiliense,13ª CJ
6ª RAJ - Ribeirão Preto,6ª RAJ,Ribeirão Preto,Juiz diretor: Reginaldo Siqueira,(rsiqueira@tjsp.jus.br),Araraquara - 13ª CJ,Araraquara,13ª CJ
6ª RAJ - Ribeirão Preto,6ª RAJ,Ribeirão Preto,Juiz diretor: Reginaldo Siqueira,(rsiqueira@tjsp.jus.br),Batatais - 39ª CJ,Batatais,39ª CJ
6ª RAJ - Ribeirão Preto,6ª RAJ,Ribeirão Preto,Juiz diretor: Reginaldo Siqueira,(rsiqueira@tjsp.jus.br),Borborema - 13ª CJ,Borborema,13ª CJ
6ª RAJ - Ribeirão Preto,6ª RAJ,Ribeirão Preto,Juiz diretor: Reginaldo Siqueira,(rsiqueira@tjsp.jus.br),Brodowski - 39ª CJ,Brodowski,39ª CJ
6ª RAJ - Ribeirão Preto,6ª RAJ,Ribeirão Preto,Juiz diretor: Reginaldo Siqueira,(rsiqueira@tjsp.jus.br),Caconde - 43ª CJ,Caconde,43ª CJ
6ª RAJ - Ribeirão Preto,6ª RAJ,Ribeirão Preto,Juiz diretor: Reginaldo Siqueira,(rsiqueira@tjsp.jus.br),Cajuru - 41ª CJ,Cajuru,41ª CJ
6ª RAJ - Ribeirão Preto,6ª RAJ,Ribeirão Preto,Juiz diretor: Reginaldo Siqueira,(rsiqueira@tjsp.jus.br),Casa Branca - 43ª CJ,Casa Branca,43ª CJ
6ª RAJ - Ribeirão Preto,6ª RAJ,Ribeirão Preto,Juiz diretor: Reginaldo Siqueira,(rsiqueira@tjsp.jus.br),Cravinhos - 41ª CJ,Cravinhos,41ª CJ
6ª RAJ - Ribeirão Preto,6ª RAJ,Ribeirão Preto,Juiz diretor: Reginaldo Siqueira,(rsiqueira@tjsp.jus.br),Descalvado - 12ª CJ,Descalvado,12ª CJ
6ª RAJ - Ribeirão Preto,6ª RAJ,Ribeirão Preto,Juiz diretor: Reginaldo Siqueira,(rsiqueira@tjsp.jus.br),Franca - 38ª CJ,Franca,38ª CJ
6ª RAJ - Ribeirão Preto,6ª RAJ,Ribeirão Preto,Juiz diretor: Reginaldo Siqueira,(rsiqueira@tjsp.jus.br),Guará - 40ª CJ,Guará,40ª CJ
6ª RAJ - Ribeirão Preto,6ª RAJ,Ribeirão Preto,Juiz diretor: Reginaldo Siqueira,(rsiqueira@tjsp.jus.br),Guariba - 42ª CJ,Guariba,42ª CJ
6ª RAJ - Ribeirão Preto,6ª RAJ,Ribeirão Preto,Juiz diretor: Reginaldo Siqueira,(rsiqueira@tjsp.jus.br),Iacanga - 13ª CJ,Iacanga,13ª CJ
6ª RAJ - Ribeirão Preto,6ª RAJ,Ribeirão Preto,Juiz diretor: Reginaldo Siqueira,(rsiqueira@tjsp.jus.br),Ibaté - 12ª CJ,Ibaté,12ª CJ
6ª RAJ - Ribeirão Preto,6ª RAJ,Ribeirão Preto,Juiz diretor: Reginaldo Siqueira,(rsiqueira@tjsp.jus.br),Ibitinga - 13ª CJ,Ibitinga,13ª CJ
6ª RAJ - Ribeirão Preto,6ª RAJ,Ribeirão Preto,Juiz diretor: Reginaldo Siqueira,(rsiqueira@tjsp.jus.br),Igarapava - 40ª CJ,Igarapava,40ª CJ
6ª RAJ - Ribeirão Preto,6ª RAJ,Ribeirão Preto,Juiz diretor: Reginaldo Siqueira,(rsiqueira@tjsp.jus.br),Ipuã - 40ª CJ,Ipuã,40ª CJ
6ª RAJ - Ribeirão Preto,6ª RAJ,Ribeirão Preto,Juiz diretor: Reginaldo Siqueira,(rsiqueira@tjsp.jus.br),Itápolis - 13ª CJ,Itápolis,13ª CJ
6ª RAJ - Ribeirão Preto,6ª RAJ,Ribeirão Preto,Juiz diretor: Reginaldo Siqueira,(rsiqueira@tjsp.jus.br),Ituverava - 40ª CJ,Ituverava,40ª CJ
6ª RAJ - Ribeirão Preto,6ª RAJ,Ribeirão Preto,Juiz diretor: Reginaldo Siqueira,(rsiqueira@tjsp.jus.br),Jaboticabal - 42ª CJ,Jaboticabal,42ª CJ
6ª RAJ - Ribeirão Preto,6ª RAJ,Ribeirão Preto,Juiz diretor: Reginaldo Siqueira,(rsiqueira@tjsp.jus.br),Jardinópolis - 41ª CJ,Jardinópolis,41ª CJ
6ª RAJ - Ribeirão Preto,6ª RAJ,Ribeirão Preto,Juiz diretor: Reginaldo Siqueira,(rsiqueira@tjsp.jus.br),Matão - 13ª CJ,Matão,13ª CJ
6ª RAJ - Ribeirão Preto,6ª RAJ,Ribeirão Preto,Juiz diretor: Reginaldo Siqueira,(rsiqueira@tjsp.jus.br),Miguelópolis - 40ª CJ,Miguelópolis,40ª CJ
6ª RAJ - Ribeirão Preto,6ª RAJ,Ribeirão Preto,Juiz diretor: Reginaldo Siqueira,(rsiqueira@tjsp.jus.br),Mococa - 43ª CJ,Mococa,43ª CJ
6ª RAJ - Ribeirão Preto,6ª RAJ,Ribeirão Preto,Juiz diretor: Reginaldo Siqueira,(rsiqueira@tjsp.jus.br),Monte Alto - 42ª CJ,Monte Alto,42ª CJ
6ª RAJ - Ribeirão Preto,6ª RAJ,Ribeirão Preto,Juiz diretor: Reginaldo Siqueira,(rsiqueira@tjsp.jus.br),Morro Agudo - 39ª CJ,Morro Agudo,39ª CJ
6ª RAJ - Ribeirão Preto,6ª RAJ,Ribeirão Preto,Juiz diretor: Reginaldo Siqueira,(rsiqueira@tjsp.jus.br),Nuporanga - 39ª CJ,Nuporanga,39ª CJ
6ª RAJ - Ribeirão Preto,6ª RAJ,Ribeirão Preto,Juiz diretor: Reginaldo Siqueira,(rsiqueira@tjsp.jus.br),Orlândia - 39ª CJ,Orlândia,39ª CJ
6ª RAJ - Ribeirão Preto,6ª RAJ,Ribeirão Preto,Juiz diretor: Reginaldo Siqueira,(rsiqueira@tjsp.jus.br),Patrocínio Paulista - 38ª CJ,Patrocínio Paulista,38ª CJ
6ª RAJ - Ribeirão Preto,6ª RAJ,Ribeirão Preto,Juiz diretor: Reginaldo Siqueira,(rsiqueira@tjsp.jus.br),Pedregulho - 38ª CJ,Pedregulho,38ª CJ
6ª RAJ - Ribeirão Preto,6ª RAJ,Ribeirão Preto,Juiz diretor: Reginaldo Siqueira,(rsiqueira@tjsp.jus.br),Pirangi - 42ª CJ,Pirangi,42ª CJ
6ª RAJ - Ribeirão Preto,6ª RAJ,Ribeirão Preto,Juiz diretor: Reginaldo Siqueira,(rsiqueira@tjsp.jus.br),Pitangueiras - 42ª CJ,Pitangueiras,42ª CJ
6ª RAJ - Ribeirão Preto,6ª RAJ,Ribeirão Preto,Juiz diretor: Reginaldo Siqueira,(rsiqueira@tjsp.jus.br),Pontal - 41ª CJ,Pontal,41ª CJ
6ª RAJ - Ribeirão Preto,6ª RAJ,Ribeirão Preto,Juiz diretor: Reginaldo Siqueira,(rsiqueira@tjsp.jus.br),Ribeirão Bonito - 12ª CJ,Ribeirão Bonito,12ª CJ
6ª RAJ - Ribeirão Preto,6ª RAJ,Ribeirão Preto,Juiz diretor: Reginaldo Siqueira,(rsiqueira@tjsp.jus.br),Ribeirão Preto - 41ª CJ,Ribeirão Preto,41ª CJ
6ª RAJ - Ribeirão Preto,6ª RAJ,Ribeirão Preto,Juiz diretor: Reginaldo Siqueira,(rsiqueira@tjsp.jus.br),Santa Cruz das Palmeiras - 43ª CJ,Santa Cruz das Palmeiras,43ª CJ
6ª RAJ - Ribeirão Preto,6ª RAJ,Ribeirão Preto,Juiz diretor: Reginaldo Siqueira,(rsiqueira@tjsp.jus.br),Santa Rosa do Viterbo - 41ª CJ,Santa Rosa do Viterbo,41ª CJ
6ª RAJ - Ribeirão Preto,6ª RAJ,Ribeirão Preto,Juiz diretor: Reginaldo Siqueira,(rsiqueira@tjsp.jus.br),São Carlos - 12ª CJ,São Carlos,12ª CJ
6ª RAJ - Ribeirão Preto,6ª RAJ,Ribeirão Preto,Juiz diretor: Reginaldo Siqueira,(rsiqueira@tjsp.jus.br),São Joaquim da Barra - 40ª CJ,São Joaquim da Barra,40ª CJ
6ª RAJ - Ribeirão Preto,6ª RAJ,Ribeirão Preto,Juiz diretor: Reginaldo Siqueira,(rsiqueira@tjsp.jus.br),São José do Rio Pardo - 43ª CJ,São José do Rio Pardo,43ª CJ
6ª RAJ - Ribeirão Preto,6ª RAJ,Ribeirão Preto,Juiz diretor: Reginaldo Siqueira,(rsiqueira@tjsp.jus.br),São Sebastião da Grama - 43ª CJ,São Sebastião da Grama,43ª CJ
6ª RAJ - Ribeirão Preto,6ª RAJ,Ribeirão Preto,Juiz diretor: Reginaldo Siqueira,(rsiqueira@tjsp.jus.br),São Simão - 41ª CJ,São Simão,41ª CJ
6ª RAJ - Ribeirão Preto,6ª RAJ,Ribeirão Preto,Juiz diretor: Reginaldo Siqueira,(rsiqueira@tjsp.jus.br),Serrana - 41ª CJ,Serrana,41ª CJ
6ª RAJ - Ribeirão Preto,6ª RAJ,Ribeirão Preto,Juiz diretor: Reginaldo Siqueira,(rsiqueira@tjsp.jus.br),Sertãozinho - 41ª CJ,Sertãozinho,41ª CJ
6ª RAJ - Ribeirão Preto,6ª RAJ,Ribeirão Preto,Juiz diretor: Reginaldo Siqueira,(rsiqueira@tjsp.jus.br),Tambaú - 43ª CJ,Tambaú,43ª CJ
6ª RAJ - Ribeirão Preto,6ª RAJ,Ribeirão Preto,Juiz diretor: Reginaldo Siqueira,(rsiqueira@tjsp.jus.br),Taquaritinga - 42ª CJ,Taquaritinga,42ª CJ
2ª RAJ - Araçatuba,2ª RAJ,Araçatuba,Juiz diretor: Antonio Fernando Sanches Batagelo,(abatagelo@tjsp.jus.br),Andradina - 37ª CJ,Andradina,37ª CJ
2ª RAJ - Araçatuba,2ª RAJ,Araçatuba,Juiz diretor: Antonio Fernando Sanches Batagelo,(abatagelo@tjsp.jus.br),Araçatuba - 36ª CJ,Araçatuba,36ª CJ
2ª RAJ - Araçatuba,2ª RAJ,Araçatuba,Juiz diretor: Antonio Fernando Sanches Batagelo,(abatagelo@tjsp.jus.br),Auriflama - 55ª CJ,Auriflama,55ª CJ
2ª RAJ - Araçatuba,2ª RAJ,Araçatuba,Juiz diretor: Antonio Fernando Sanches Batagelo,(abatagelo@tjsp.jus.br),Bilac - 36ª CJ,Bilac,36ª CJ
2ª RAJ - Araçatuba,2ª RAJ,Araçatuba,Juiz diretor: Antonio Fernando Sanches Batagelo,(abatagelo@tjsp.jus.br),Birigui - 36ª CJ,Birigui,36ª CJ
2ª RAJ - Araçatuba,2ª RAJ,Araçatuba,Juiz diretor: Antonio Fernando Sanches Batagelo,(abatagelo@tjsp.jus.br),Buritama - 36ª CJ,Buritama,36ª CJ
2ª RAJ - Araçatuba,2ª RAJ,Araçatuba,Juiz diretor: Antonio Fernando Sanches Batagelo,(abatagelo@tjsp.jus.br),Cafelândia - 35ª CJ,Cafelândia,35ª CJ
2ª RAJ - Araçatuba,2ª RAJ,Araçatuba,Juiz diretor: Antonio Fernando Sanches Batagelo,(abatagelo@tjsp.jus.br),Getulina - 35ª CJ,Getulina,35ª CJ
2ª RAJ - Araçatuba,2ª RAJ,Araçatuba,Juiz diretor: Antonio Fernando Sanches Batagelo,(abatagelo@tjsp.jus.br),Guararapes - 36ª CJ,Guararapes,36ª CJ
2ª RAJ - Araçatuba,2ª RAJ,Araçatuba,Juiz diretor: Antonio Fernando Sanches Batagelo,(abatagelo@tjsp.jus.br),Ilha Solteira - 37ª CJ,Ilha Solteira,37ª CJ
2ª RAJ - Araçatuba,2ª RAJ,Araçatuba,Juiz diretor: Antonio Fernando Sanches Batagelo,(abatagelo@tjsp.jus.br),Jales - 55ª CJ,Jales,55ª CJ
2ª RAJ - Araçatuba,2ª RAJ,Araçatuba,Juiz diretor: Antonio Fernando Sanches Batagelo,(abatagelo@tjsp.jus.br),Lins - 35ª CJ,Lins,35ª CJ
2ª RAJ - Araçatuba,2ª RAJ,Araçatuba,Juiz diretor: Antonio Fernando Sanches Batagelo,(abatagelo@tjsp.jus.br),Mirandópolis - 37ª CJ,Mirandópolis,37ª CJ
2ª RAJ - Araçatuba,2ª RAJ,Araçatuba,Juiz diretor: Antonio Fernando Sanches Batagelo,(abatagelo@tjsp.jus.br),Palmeira D’Oeste - 55ª CJ,Palmeira D’Oeste,55ª CJ
2ª RAJ - Araçatuba,2ª RAJ,Araçatuba,Juiz diretor: Antonio Fernando Sanches Batagelo,(abatagelo@tjsp.jus.br),Penápolis - 36ª CJ,Penápolis,36ª CJ
2ª RAJ - Araçatuba,2ª RAJ,Araçatuba,Juiz diretor: Antonio Fernando Sanches Batagelo,(abatagelo@tjsp.jus.br),Pereira Barreto - 37ª CJ,Pereira Barreto,37ª CJ
2ª RAJ - Araçatuba,2ª RAJ,Araçatuba,Juiz diretor: Antonio Fernando Sanches Batagelo,(abatagelo@tjsp.jus.br),Promissão - 35ª CJ,Promissão,35ª CJ
2ª RAJ - Araçatuba,2ª RAJ,Araçatuba,Juiz diretor: Antonio Fernando Sanches Batagelo,(abatagelo@tjsp.jus.br),Santa Fé do Sul - 55ª CJ,Santa Fé do Sul,55ª CJ
2ª RAJ - Araçatuba,2ª RAJ,Araçatuba,Juiz diretor: Antonio Fernando Sanches Batagelo,(abatagelo@tjsp.jus.br),Urânia - 55ª CJ,Urânia,55ª CJ
2ª RAJ - Araçatuba,2ª RAJ,Araçatuba,Juiz diretor: Antonio Fernando Sanches Batagelo,(abatagelo@tjsp.jus.br),Valparaíso - 36ª CJ,Valparaíso,36ª CJ
2ª RAJ - Araçatuba,2ª RAJ,Araçatuba,Juiz diretor: Antonio Fernando Sanches Batagelo,(abatagelo@tjsp.jus.br),Bertioga - 1ª CJ,Bertioga,1ª CJ
2ª RAJ - Araçatuba,2ª RAJ,Araçatuba,Juiz diretor: Antonio Fernando Sanches Batagelo,(abatagelo@tjsp.jus.br),Cananéia - 21ª CJ,Cananéia,21ª CJ
2ª RAJ - Araçatuba,2ª RAJ,Araçatuba,Juiz diretor: Antonio Fernando Sanches Batagelo,(abatagelo@tjsp.jus.br),Cubatão - 1ª CJ,Cubatão,1ª CJ
2ª RAJ - Araçatuba,2ª RAJ,Araçatuba,Juiz diretor: Antonio Fernando Sanches Batagelo,(abatagelo@tjsp.jus.br),Eldorado - 21ª CJ,Eldorado,21ª CJ
2ª RAJ - Araçatuba,2ª RAJ,Araçatuba,Juiz diretor: Antonio Fernando Sanches Batagelo,(abatagelo@tjsp.jus.br),Guarujá - 1ª CJ,Guarujá,1ª CJ
2ª RAJ - Araçatuba,2ª RAJ,Araçatuba,Juiz diretor: Antonio Fernando Sanches Batagelo,(abatagelo@tjsp.jus.br),Iguape - 21ª CJ,Iguape,21ª CJ
2ª RAJ - Araçatuba,2ª RAJ,Araçatuba,Juiz diretor: Antonio Fernando Sanches Batagelo,(abatagelo@tjsp.jus.br),Itanhaém - 56ª CJ,Itanhaém,56ª CJ
2ª RAJ - Araçatuba,2ª RAJ,Araçatuba,Juiz diretor: Antonio Fernando Sanches Batagelo,(abatagelo@tjsp.jus.br),Itariri - 56ª CJ,Itariri,56ª CJ
2ª RAJ - Araçatuba,2ª RAJ,Araçatuba,Juiz diretor: Antonio Fernando Sanches Batagelo,(abatagelo@tjsp.jus.br),Jacupiranga - 21ª CJ,Jacupiranga,21ª CJ
2ª RAJ - Araçatuba,2ª RAJ,Araçatuba,Juiz diretor: Antonio Fernando Sanches Batagelo,(abatagelo@tjsp.jus.br),Juquiá - 21ª CJ,Juquiá,21ª CJ
2ª RAJ - Araçatuba,2ª RAJ,Araçatuba,Juiz diretor: Antonio Fernando Sanches Batagelo,(abatagelo@tjsp.jus.br),Miracatu - 21ª CJ,Miracatu,21ª CJ
2ª RAJ - Araçatuba,2ª RAJ,Araçatuba,Juiz diretor: Antonio Fernando Sanches Batagelo,(abatagelo@tjsp.jus.br),Mongaguá - 56ª CJ,Mongaguá,56ª CJ
2ª RAJ - Araçatuba,2ª RAJ,Araçatuba,Juiz diretor: Antonio Fernando Sanches Batagelo,(abatagelo@tjsp.jus.br),Pariquera-Açu - 21ª CJ,Pariquera-Açu,21ª CJ
2ª RAJ - Araçatuba,2ª RAJ,Araçatuba,Juiz diretor: Antonio Fernando Sanches Batagelo,(abatagelo@tjsp.jus.br),Peruíbe - 56ª CJ,Peruíbe,56ª CJ
2ª RAJ - Araçatuba,2ª RAJ,Araçatuba,Juiz diretor: Antonio Fernando Sanches Batagelo,(abatagelo@tjsp.jus.br),Praia Grande - 1ª CJ,Praia Grande,1ª CJ
2ª RAJ - Araçatuba,2ª RAJ,Araçatuba,Juiz diretor: Antonio Fernando Sanches Batagelo,(abatagelo@tjsp.jus.br),Registro - 21ª CJ,Registro,21ª CJ
2ª RAJ - Araçatuba,2ª RAJ,Araçatuba,Juiz diretor: Antonio Fernando Sanches Batagelo,(abatagelo@tjsp.jus.br),Santos - 1ª CJ,Santos,1ª CJ
2ª RAJ - Araçatuba,2ª RAJ,Araçatuba,Juiz diretor: Antonio Fernando Sanches Batagelo,(abatagelo@tjsp.jus.br),São Vicente - 1ª CJ,São Vicente,1ª CJ
7ª RAJ - Santos,7ª RAJ,Santos,Juiz diretor: Paulo Sérgio Mangerona,(pmangerona@tjsp.jus.br),Bertioga - 1ª CJ,Bertioga,1ª CJ
7ª RAJ - Santos,7ª RAJ,Santos,Juiz diretor: Paulo Sérgio Mangerona,(pmangerona@tjsp.jus.br),Cananéia - 21ª CJ,Cananéia,21ª CJ
7ª RAJ - Santos,7ª RAJ,Santos,Juiz diretor: Paulo Sérgio Mangerona,(pmangerona@tjsp.jus.br),Cubatão - 1ª CJ,Cubatão,1ª CJ
7ª RAJ - Santos,7ª RAJ,Santos,Juiz diretor: Paulo Sérgio Mangerona,(pmangerona@tjsp.jus.br),Eldorado - 21ª CJ,Eldorado,21ª CJ
7ª RAJ - Santos,7ª RAJ,Santos,Juiz diretor: Paulo Sérgio Mangerona,(pmangerona@tjsp.jus.br),Guarujá - 1ª CJ,Guarujá,1ª CJ
7ª RAJ - Santos,7ª RAJ,Santos,Juiz diretor: Paulo Sérgio Mangerona,(pmangerona@tjsp.jus.br),Iguape - 21ª CJ,Iguape,21ª CJ
7ª RAJ - Santos,7ª RAJ,Santos,Juiz diretor: Paulo Sérgio Mangerona,(pmangerona@tjsp.jus.br),Itanhaém - 56ª CJ,Itanhaém,56ª CJ
7ª RAJ - Santos,7ª RAJ,Santos,Juiz diretor: Paulo Sérgio Mangerona,(pmangerona@tjsp.jus.br),Itariri - 56ª CJ,Itariri,56ª CJ
7ª RAJ - Santos,7ª RAJ,Santos,Juiz diretor: Paulo Sérgio Mangerona,(pmangerona@tjsp.jus.br),Jacupiranga - 21ª CJ,Jacupiranga,21ª CJ
7ª RAJ - Santos,7ª RAJ,Santos,Juiz diretor: Paulo Sérgio Mangerona,(pmangerona@tjsp.jus.br),Juquiá - 21ª CJ,Juquiá,21ª CJ
7ª RAJ - Santos,7ª RAJ,Santos,Juiz diretor: Paulo Sérgio Mangerona,(pmangerona@tjsp.jus.br),Miracatu - 21ª CJ,Miracatu,21ª CJ
7ª RAJ - Santos,7ª RAJ,Santos,Juiz diretor: Paulo Sérgio Mangerona,(pmangerona@tjsp.jus.br),Mongaguá - 56ª CJ,Mongaguá,56ª CJ
7ª RAJ - Santos,7ª RAJ,Santos,Juiz diretor: Paulo Sérgio Mangerona,(pmangerona@tjsp.jus.br),Pariquera-Açu - 21ª CJ,Pariquera-Açu,21ª CJ
7ª RAJ - Santos,7ª RAJ,Santos,Juiz diretor: Paulo Sérgio Mangerona,(pmangerona@tjsp.jus.br),Peruíbe - 56ª CJ,Peruíbe,56ª CJ
7ª RAJ - Santos,7ª RAJ,Santos,Juiz diretor: Paulo Sérgio Mangerona,(pmangerona@tjsp.jus.br),Praia Grande - 1ª CJ,Praia Grande,1ª CJ
7ª RAJ - Santos,7ª RAJ,Santos,Juiz diretor: Paulo Sérgio Mangerona,(pmangerona@tjsp.jus.br),Registro - 21ª CJ,Registro,21ª CJ
7ª RAJ - Santos,7ª RAJ,Santos,Juiz diretor: Paulo Sérgio Mangerona,(pmangerona@tjsp.jus.br),Santos - 1ª CJ,Santos,1ª CJ
7ª RAJ - Santos,7ª RAJ,Santos,Juiz diretor: Paulo Sérgio Mangerona,(pmangerona@tjsp.jus.br),São Vicente - 1ª CJ,São Vicente,1ª CJ
3ª RAJ - Bauru,3ª RAJ,Bauru,Juiz diretor: Gilmar Ferraz Garmes,(gilmargarmes@tjsp.jus.br),Agudos - 32ª CJ,Agudos,32ª CJ
3ª RAJ - Bauru,3ª RAJ,Bauru,Juiz diretor: Gilmar Ferraz Garmes,(gilmargarmes@tjsp.jus.br),Avaré - 24ª CJ,Avaré,24ª CJ
3ª RAJ - Bauru,3ª RAJ,Bauru,Juiz diretor: Gilmar Ferraz Garmes,(gilmargarmes@tjsp.jus.br),Bariri - 33ª CJ,Bariri,33ª CJ
3ª RAJ - Bauru,3ª RAJ,Bauru,Juiz diretor: Gilmar Ferraz Garmes,(gilmargarmes@tjsp.jus.br),Barra Bonita - 33ª CJ,Barra Bonita,33ª CJ
3ª RAJ - Bauru,3ª RAJ,Bauru,Juiz diretor: Gilmar Ferraz Garmes,(gilmargarmes@tjsp.jus.br),Bauru - 32ª CJ,Bauru,32ª CJ
3ª RAJ - Bauru,3ª RAJ,Bauru,Juiz diretor: Gilmar Ferraz Garmes,(gilmargarmes@tjsp.jus.br),Botucatu - 23ª CJ,Botucatu,23ª CJ
3ª RAJ - Bauru,3ª RAJ,Bauru,Juiz diretor: Gilmar Ferraz Garmes,(gilmargarmes@tjsp.jus.br),Cerqueira Cesar - 24ª CJ,Cerqueira Cesar,24ª CJ
3ª RAJ - Bauru,3ª RAJ,Bauru,Juiz diretor: Gilmar Ferraz Garmes,(gilmargarmes@tjsp.jus.br),Chavantes - 25ª CJ,Chavantes,25ª CJ
3ª RAJ - Bauru,3ª RAJ,Bauru,Juiz diretor: Gilmar Ferraz Garmes,(gilmargarmes@tjsp.jus.br),Conchas - 23ª CJ,Conchas,23ª CJ
3ª RAJ - Bauru,3ª RAJ,Bauru,Juiz diretor: Gilmar Ferraz Garmes,(gilmargarmes@tjsp.jus.br),Dois Córregos - 33ª CJ,Dois Córregos,33ª CJ
3ª RAJ - Bauru,3ª RAJ,Bauru,Juiz diretor: Gilmar Ferraz Garmes,(gilmargarmes@tjsp.jus.br),Duartina - 32ª CJ,Duartina,32ª CJ
3ª RAJ - Bauru,3ª RAJ,Bauru,Juiz diretor: Gilmar Ferraz Garmes,(gilmargarmes@tjsp.jus.br),Fartura - 24ª CJ,Fartura,24ª CJ
3ª RAJ - Bauru,3ª RAJ,Bauru,Juiz diretor: Gilmar Ferraz Garmes,(gilmargarmes@tjsp.jus.br),Ipaussu - 25ª CJ,Ipaussu,25ª CJ
3ª RAJ - Bauru,3ª RAJ,Bauru,Juiz diretor: Gilmar Ferraz Garmes,(gilmargarmes@tjsp.jus.br),Itaí - 24ª CJ,Itaí,24ª CJ
3ª RAJ - Bauru,3ª RAJ,Bauru,Juiz diretor: Gilmar Ferraz Garmes,(gilmargarmes@tjsp.jus.br),Itatinga - 23ª CJ,Itatinga,23ª CJ
3ª RAJ - Bauru,3ª RAJ,Bauru,Juiz diretor: Gilmar Ferraz Garmes,(gilmargarmes@tjsp.jus.br),Jaú - 33ª CJ,Jaú,33ª CJ
3ª RAJ - Bauru,3ª RAJ,Bauru,Juiz diretor: Gilmar Ferraz Garmes,(gilmargarmes@tjsp.jus.br),Lençóis Paulista - 32ª CJ,Lençóis Paulista,32ª CJ
3ª RAJ - Bauru,3ª RAJ,Bauru,Juiz diretor: Gilmar Ferraz Garmes,(gilmargarmes@tjsp.jus.br),Macatuba - 33ª CJ,Macatuba,33ª CJ
3ª RAJ - Bauru,3ª RAJ,Bauru,Juiz diretor: Gilmar Ferraz Garmes,(gilmargarmes@tjsp.jus.br),Ourinhos - 25ª CJ,Ourinhos,25ª CJ
3ª RAJ - Bauru,3ª RAJ,Bauru,Juiz diretor: Gilmar Ferraz Garmes,(gilmargarmes@tjsp.jus.br),Paranapanema - 24ª CJ,Paranapanema,24ª CJ
3ª RAJ - Bauru,3ª RAJ,Bauru,Juiz diretor: Gilmar Ferraz Garmes,(gilmargarmes@tjsp.jus.br),Pederneiras - 33ª CJ,Pederneiras,33ª CJ
3ª RAJ - Bauru,3ª RAJ,Bauru,Juiz diretor: Gilmar Ferraz Garmes,(gilmargarmes@tjsp.jus.br),Piraju - 25ª CJ,Piraju,25ª CJ
3ª RAJ - Bauru,3ª RAJ,Bauru,Juiz diretor: Gilmar Ferraz Garmes,(gilmargarmes@tjsp.jus.br),Pirajuí - 32ª CJ,Pirajuí,32ª CJ
3ª RAJ - Bauru,3ª RAJ,Bauru,Juiz diretor: Gilmar Ferraz Garmes,(gilmargarmes@tjsp.jus.br),Piratininga - 32ª CJ,Piratininga,32ª CJ
3ª RAJ - Bauru,3ª RAJ,Bauru,Juiz diretor: Gilmar Ferraz Garmes,(gilmargarmes@tjsp.jus.br),Santa Cruz do Rio Pardo - 25ª CJ,Santa Cruz do Rio Pardo,25ª CJ
3ª RAJ - Bauru,3ª RAJ,Bauru,Juiz diretor: Gilmar Ferraz Garmes,(gilmargarmes@tjsp.jus.br),São Manuel - 23ª CJ,São Manuel,23ª CJ
3ª RAJ - Bauru,3ª RAJ,Bauru,Juiz diretor: Gilmar Ferraz Garmes,(gilmargarmes@tjsp.jus.br),Taquarituba - 24ª CJ,Taquarituba,24ª CJ
3ª RAJ - Bauru,3ª RAJ,Bauru,Juiz diretor: Gilmar Ferraz Garmes,(gilmargarmes@tjsp.jus.br),Barretos - 14ª CJ,Barretos,14ª CJ
3ª RAJ - Bauru,3ª RAJ,Bauru,Juiz diretor: Gilmar Ferraz Garmes,(gilmargarmes@tjsp.jus.br),Bebedouro - 14ª CJ,Bebedouro,14ª CJ
3ª RAJ - Bauru,3ª RAJ,Bauru,Juiz diretor: Gilmar Ferraz Garmes,(gilmargarmes@tjsp.jus.br),Cardoso - 17ª CJ,Cardoso,17ª CJ
3ª RAJ - Bauru,3ª RAJ,Bauru,Juiz diretor: Gilmar Ferraz Garmes,(gilmargarmes@tjsp.jus.br),Catanduva - 15ª CJ,Catanduva,15ª CJ
3ª RAJ - Bauru,3ª RAJ,Bauru,Juiz diretor: Gilmar Ferraz Garmes,(gilmargarmes@tjsp.jus.br),Colina - 14ª CJ,Colina,14ª CJ
3ª RAJ - Bauru,3ª RAJ,Bauru,Juiz diretor: Gilmar Ferraz Garmes,(gilmargarmes@tjsp.jus.br),Estrela D’Oeste - 18ª CJ,Estrela D’Oeste,18ª CJ
3ª RAJ - Bauru,3ª RAJ,Bauru,Juiz diretor: Gilmar Ferraz Garmes,(gilmargarmes@tjsp.jus.br),Fernandópolis - 18ª CJ,Fernandópolis,18ª CJ
3ª RAJ - Bauru,3ª RAJ,Bauru,Juiz diretor: Gilmar Ferraz Garmes,(gilmargarmes@tjsp.jus.br),General Salgado - 18ª CJ,General Salgado,18ª CJ
3ª RAJ - Bauru,3ª RAJ,Bauru,Juiz diretor: Gilmar Ferraz Garmes,(gilmargarmes@tjsp.jus.br),Guaíra - 14ª CJ,Guaíra,14ª CJ
3ª RAJ - Bauru,3ª RAJ,Bauru,Juiz diretor: Gilmar Ferraz Garmes,(gilmargarmes@tjsp.jus.br),Itajobi - 15ª CJ,Itajobi,15ª CJ
3ª RAJ - Bauru,3ª RAJ,Bauru,Juiz diretor: Gilmar Ferraz Garmes,(gilmargarmes@tjsp.jus.br),José Bonifácio - 16ª CJ,José Bonifácio,16ª CJ
3ª RAJ - Bauru,3ª RAJ,Bauru,Juiz diretor: Gilmar Ferraz Garmes,(gilmargarmes@tjsp.jus.br),Macaubal - 16ª CJ,Macaubal,16ª CJ
3ª RAJ - Bauru,3ª RAJ,Bauru,Juiz diretor: Gilmar Ferraz Garmes,(gilmargarmes@tjsp.jus.br),Mirassol - 16ª CJ,Mirassol,16ª CJ
3ª RAJ - Bauru,3ª RAJ,Bauru,Juiz diretor: Gilmar Ferraz Garmes,(gilmargarmes@tjsp.jus.br),Monte Aprazível - 16ª CJ,Monte Aprazível,16ª CJ
3ª RAJ - Bauru,3ª RAJ,Bauru,Juiz diretor: Gilmar Ferraz Garmes,(gilmargarmes@tjsp.jus.br),Monte Azul Paulista - 14ª CJ,Monte Azul Paulista,14ª CJ
3ª RAJ - Bauru,3ª RAJ,Bauru,Juiz diretor: Gilmar Ferraz Garmes,(gilmargarmes@tjsp.jus.br),Neves Paulista - 16ª CJ,Neves Paulista,16ª CJ
3ª RAJ - Bauru,3ª RAJ,Bauru,Juiz diretor: Gilmar Ferraz Garmes,(gilmargarmes@tjsp.jus.br),Nhandeara - 17ª CJ,Nhandeara,17ª CJ
3ª RAJ - Bauru,3ª RAJ,Bauru,Juiz diretor: Gilmar Ferraz Garmes,(gilmargarmes@tjsp.jus.br),Nova Granada - 16ª CJ,Nova Granada,16ª CJ
3ª RAJ - Bauru,3ª RAJ,Bauru,Juiz diretor: Gilmar Ferraz Garmes,(gilmargarmes@tjsp.jus.br),Novo Horizonte - 15ª CJ,Novo Horizonte,15ª CJ
3ª RAJ - Bauru,3ª RAJ,Bauru,Juiz diretor: Gilmar Ferraz Garmes,(gilmargarmes@tjsp.jus.br),Olímpia - 14ª CJ,Olímpia,14ª CJ
3ª RAJ - Bauru,3ª RAJ,Bauru,Juiz diretor: Gilmar Ferraz Garmes,(gilmargarmes@tjsp.jus.br),Ouroeste - 18ª CJ,Ouroeste,18ª CJ
3ª RAJ - Bauru,3ª RAJ,Bauru,Juiz diretor: Gilmar Ferraz Garmes,(gilmargarmes@tjsp.jus.br),Palestina - 16ª CJ,Palestina,16ª CJ
3ª RAJ - Bauru,3ª RAJ,Bauru,Juiz diretor: Gilmar Ferraz Garmes,(gilmargarmes@tjsp.jus.br),Paulo de Faria - 16ª CJ,Paulo de Faria,16ª CJ
3ª RAJ - Bauru,3ª RAJ,Bauru,Juiz diretor: Gilmar Ferraz Garmes,(gilmargarmes@tjsp.jus.br),Potirendaba - 16ª CJ,Potirendaba,16ª CJ
3ª RAJ - Bauru,3ª RAJ,Bauru,Juiz diretor: Gilmar Ferraz Garmes,(gilmargarmes@tjsp.jus.br),Santa Adélia - 15ª CJ,Santa Adélia,15ª CJ
3ª RAJ - Bauru,3ª RAJ,Bauru,Juiz diretor: Gilmar Ferraz Garmes,(gilmargarmes@tjsp.jus.br),São José do Rio Preto - 16ª CJ,São José do Rio Preto,16ª CJ
3ª RAJ - Bauru,3ª RAJ,Bauru,Juiz diretor: Gilmar Ferraz Garmes,(gilmargarmes@tjsp.jus.br),Tabapuã - 15ª CJ,Tabapuã,15ª CJ
3ª RAJ - Bauru,3ª RAJ,Bauru,Juiz diretor: Gilmar Ferraz Garmes,(gilmargarmes@tjsp.jus.br),Tanabi - 16ª CJ,Tanabi,16ª CJ
3ª RAJ - Bauru,3ª RAJ,Bauru,Juiz diretor: Gilmar Ferraz Garmes,(gilmargarmes@tjsp.jus.br),Urupês - 15ª CJ,Urupês,15ª CJ
3ª RAJ - Bauru,3ª RAJ,Bauru,Juiz diretor: Gilmar Ferraz Garmes,(gilmargarmes@tjsp.jus.br),Viradouro - 14ª CJ,Viradouro,14ª CJ
3ª RAJ - Bauru,3ª RAJ,Bauru,Juiz diretor: Gilmar Ferraz Garmes,(gilmargarmes@tjsp.jus.br),Votuporanga - 17ª CJ,Votuporanga,17ª CJ
8ª RAJ - SJ Rio Preto,8ª RAJ,SJ Rio Preto,Juíza diretora: Tatiana Pereira Viana Santos,(tatianapsantos@tjsp.jus.br),Barretos - 14ª CJ,Barretos,14ª CJ
8ª RAJ - SJ Rio Preto,8ª RAJ,SJ Rio Preto,Juíza diretora: Tatiana Pereira Viana Santos,(tatianapsantos@tjsp.jus.br),Bebedouro - 14ª CJ,Bebedouro,14ª CJ
8ª RAJ - SJ Rio Preto,8ª RAJ,SJ Rio Preto,Juíza diretora: Tatiana Pereira Viana Santos,(tatianapsantos@tjsp.jus.br),Cardoso - 17ª CJ,Cardoso,17ª CJ
8ª RAJ - SJ Rio Preto,8ª RAJ,SJ Rio Preto,Juíza diretora: Tatiana Pereira Viana Santos,(tatianapsantos@tjsp.jus.br),Catanduva - 15ª CJ,Catanduva,15ª CJ
8ª RAJ - SJ Rio Preto,8ª RAJ,SJ Rio Preto,Juíza diretora: Tatiana Pereira Viana Santos,(tatianapsantos@tjsp.jus.br),Colina - 14ª CJ,Colina,14ª CJ
8ª RAJ - SJ Rio Preto,8ª RAJ,SJ Rio Preto,Juíza diretora: Tatiana Pereira Viana Santos,(tatianapsantos@tjsp.jus.br),Estrela D’Oeste - 18ª CJ,Estrela D’Oeste,18ª CJ
8ª RAJ - SJ Rio Preto,8ª RAJ,SJ Rio Preto,Juíza diretora: Tatiana Pereira Viana Santos,(tatianapsantos@tjsp.jus.br),Fernandópolis - 18ª CJ,Fernandópolis,18ª CJ
8ª RAJ - SJ Rio Preto,8ª RAJ,SJ Rio Preto,Juíza diretora: Tatiana Pereira Viana Santos,(tatianapsantos@tjsp.jus.br),General Salgado - 18ª CJ,General Salgado,18ª CJ
8ª RAJ - SJ Rio Preto,8ª RAJ,SJ Rio Preto,Juíza diretora: Tatiana Pereira Viana Santos,(tatianapsantos@tjsp.jus.br),Guaíra - 14ª CJ,Guaíra,14ª CJ
8ª RAJ - SJ Rio Preto,8ª RAJ,SJ Rio Preto,Juíza diretora: Tatiana Pereira Viana Santos,(tatianapsantos@tjsp.jus.br),Itajobi - 15ª CJ,Itajobi,15ª CJ
8ª RAJ - SJ Rio Preto,8ª RAJ,SJ Rio Preto,Juíza diretora: Tatiana Pereira Viana Santos,(tatianapsantos@tjsp.jus.br),José Bonifácio - 16ª CJ,José Bonifácio,16ª CJ
8ª RAJ - SJ Rio Preto,8ª RAJ,SJ Rio Preto,Juíza diretora: Tatiana Pereira Viana Santos,(tatianapsantos@tjsp.jus.br),Macaubal - 16ª CJ,Macaubal,16ª CJ
8ª RAJ - SJ Rio Preto,8ª RAJ,SJ Rio Preto,Juíza diretora: Tatiana Pereira Viana Santos,(tatianapsantos@tjsp.jus.br),Mirassol - 16ª CJ,Mirassol,16ª CJ
8ª RAJ - SJ Rio Preto,8ª RAJ,SJ Rio Preto,Juíza diretora: Tatiana Pereira Viana Santos,(tatianapsantos@tjsp.jus.br),Monte Aprazível - 16ª CJ,Monte Aprazível,16ª CJ
8ª RAJ - SJ Rio Preto,8ª RAJ,SJ Rio Preto,Juíza diretora: Tatiana Pereira Viana Santos,(tatianapsantos@tjsp.jus.br),Monte Azul Paulista - 14ª CJ,Monte Azul Paulista,14ª CJ
8ª RAJ - SJ Rio Preto,8ª RAJ,SJ Rio Preto,Juíza diretora: Tatiana Pereira Viana Santos,(tatianapsantos@tjsp.jus.br),Neves Paulista - 16ª CJ,Neves Paulista,16ª CJ
8ª RAJ - SJ Rio Preto,8ª RAJ,SJ Rio Preto,Juíza diretora: Tatiana Pereira Viana Santos,(tatianapsantos@tjsp.jus.br),Nhandeara - 17ª CJ,Nhandeara,17ª CJ
8ª RAJ - SJ Rio Preto,8ª RAJ,SJ Rio Preto,Juíza diretora: Tatiana Pereira Viana Santos,(tatianapsantos@tjsp.jus.br),Nova Granada - 16ª CJ,Nova Granada,16ª CJ
8ª RAJ - SJ Rio Preto,8ª RAJ,SJ Rio Preto,Juíza diretora: Tatiana Pereira Viana Santos,(tatianapsantos@tjsp.jus.br),Novo Horizonte - 15ª CJ,Novo Horizonte,15ª CJ
8ª RAJ - SJ Rio Preto,8ª RAJ,SJ Rio Preto,Juíza diretora: Tatiana Pereira Viana Santos,(tatianapsantos@tjsp.jus.br),Olímpia - 14ª CJ,Olímpia,14ª CJ
8ª RAJ - SJ Rio Preto,8ª RAJ,SJ Rio Preto,Juíza diretora: Tatiana Pereira Viana Santos,(tatianapsantos@tjsp.jus.br),Ouroeste - 18ª CJ,Ouroeste,18ª CJ
8ª RAJ - SJ Rio Preto,8ª RAJ,SJ Rio Preto,Juíza diretora: Tatiana Pereira Viana Santos,(tatianapsantos@tjsp.jus.br),Palestina - 16ª CJ,Palestina,16ª CJ
8ª RAJ - SJ Rio Preto,8ª RAJ,SJ Rio Preto,Juíza diretora: Tatiana Pereira Viana Santos,(tatianapsantos@tjsp.jus.br),Paulo de Faria - 16ª CJ,Paulo de Faria,16ª CJ
8ª RAJ - SJ Rio Preto,8ª RAJ,SJ Rio Preto,Juíza diretora: Tatiana Pereira Viana Santos,(tatianapsantos@tjsp.jus.br),Potirendaba - 16ª CJ,Potirendaba,16ª CJ
8ª RAJ - SJ Rio Preto,8ª RAJ,SJ Rio Preto,Juíza diretora: Tatiana Pereira Viana Santos,(tatianapsantos@tjsp.jus.br),Santa Adélia - 15ª CJ,Santa Adélia,15ª CJ
8ª RAJ - SJ Rio Preto,8ª RAJ,SJ Rio Preto,Juíza diretora: Tatiana Pereira Viana Santos,(tatianapsantos@tjsp.jus.br),São José do Rio Preto - 16ª CJ,São José do Rio Preto,16ª CJ
8ª RAJ - SJ Rio Preto,8ª RAJ,SJ Rio Preto,Juíza diretora: Tatiana Pereira Viana Santos,(tatianapsantos@tjsp.jus.br),Tabapuã - 15ª CJ,Tabapuã,15ª CJ
8ª RAJ - SJ Rio Preto,8ª RAJ,SJ Rio Preto,Juíza diretora: Tatiana Pereira Viana Santos,(tatianapsantos@tjsp.jus.br),Tanabi - 16ª CJ,Tanabi,16ª CJ
8ª RAJ - SJ Rio Preto,8ª RAJ,SJ Rio Preto,Juíza diretora: Tatiana Pereira Viana Santos,(tatianapsantos@tjsp.jus.br),Urupês - 15ª CJ,Urupês,15ª CJ
8ª RAJ - SJ Rio Preto,8ª RAJ,SJ Rio Preto,Juíza diretora: Tatiana Pereira Viana Santos,(tatianapsantos@tjsp.jus.br),Viradouro - 14ª CJ,Viradouro,14ª CJ
8ª RAJ - SJ Rio Preto,8ª RAJ,SJ Rio Preto,Juíza diretora: Tatiana Pereira Viana Santos,(tatianapsantos@tjsp.jus.br),Votuporanga - 17ª CJ,Votuporanga,17ª CJ
4ª RAJ - Campinas,4ª RAJ,Campinas,Juiz diretor: Wagner Roby Gidaro,(wgidaro@tjsp.jus.br),Aguaí - 50ª CJ,Aguaí,50ª CJ
4ª RAJ - Campinas,4ª RAJ,Campinas,Juiz diretor: Wagner Roby Gidaro,(wgidaro@tjsp.jus.br),Águas de Lindóia - 54ª CJ,Águas de Lindóia,54ª CJ
4ª RAJ - Campinas,4ª RAJ,Campinas,Juiz diretor: Wagner Roby Gidaro,(wgidaro@tjsp.jus.br),Americana - 53ª CJ,Americana,53ª CJ
4ª RAJ - Campinas,4ª RAJ,Campinas,Juiz diretor: Wagner Roby Gidaro,(wgidaro@tjsp.jus.br),Amparo - 54ª CJ,Amparo,54ª CJ
4ª RAJ - Campinas,4ª RAJ,Campinas,Juiz diretor: Wagner Roby Gidaro,(wgidaro@tjsp.jus.br),Araras - 10ª CJ,Araras,10ª CJ
4ª RAJ - Campinas,4ª RAJ,Campinas,Juiz diretor: Wagner Roby Gidaro,(wgidaro@tjsp.jus.br),Artur Nogueira - 7ª CJ,Artur Nogueira,7ª CJ
4ª RAJ - Campinas,4ª RAJ,Campinas,Juiz diretor: Wagner Roby Gidaro,(wgidaro@tjsp.jus.br),Atibaia - 6ª CJ,Atibaia,6ª CJ
4ª RAJ - Campinas,4ª RAJ,Campinas,Juiz diretor: Wagner Roby Gidaro,(wgidaro@tjsp.jus.br),Bragança Paulista - 6ª CJ,Bragança Paulista,6ª CJ
4ª RAJ - Campinas,4ª RAJ,Campinas,Juiz diretor: Wagner Roby Gidaro,(wgidaro@tjsp.jus.br),Brotas - 9ª CJ,Brotas,9ª CJ
4ª RAJ - Campinas,4ª RAJ,Campinas,Juiz diretor: Wagner Roby Gidaro,(wgidaro@tjsp.jus.br),Caieiras - 5ª CJ,Caieiras,5ª CJ
4ª RAJ - Campinas,4ª RAJ,Campinas,Juiz diretor: Wagner Roby Gidaro,(wgidaro@tjsp.jus.br),Cajamar - 5ª CJ,Cajamar,5ª CJ
4ª RAJ - Campinas,4ª RAJ,Campinas,Juiz diretor: Wagner Roby Gidaro,(wgidaro@tjsp.jus.br),Campinas - 8ª CJ,Campinas,8ª CJ
4ª RAJ - Campinas,4ª RAJ,Campinas,Juiz diretor: Wagner Roby Gidaro,(wgidaro@tjsp.jus.br),Campo Limpo Paulista - 5ª CJ,Campo Limpo Paulista,5ª CJ
4ª RAJ - Campinas,4ª RAJ,Campinas,Juiz diretor: Wagner Roby Gidaro,(wgidaro@tjsp.jus.br),Capivari - 34ª CJ,Capivari,34ª CJ
4ª RAJ - Campinas,4ª RAJ,Campinas,Juiz diretor: Wagner Roby Gidaro,(wgidaro@tjsp.jus.br),Cerquilho - 34ª CJ,Cerquilho,34ª CJ
4ª RAJ - Campinas,4ª RAJ,Campinas,Juiz diretor: Wagner Roby Gidaro,(wgidaro@tjsp.jus.br),Conchal - 7ª CJ,Conchal,7ª CJ
4ª RAJ - Campinas,4ª RAJ,Campinas,Juiz diretor: Wagner Roby Gidaro,(wgidaro@tjsp.jus.br),Cordeirópolis - 10ª CJ,Cordeirópolis,10ª CJ
4ª RAJ - Campinas,4ª RAJ,Campinas,Juiz diretor: Wagner Roby Gidaro,(wgidaro@tjsp.jus.br),Cosmópolis - 8ª CJ,Cosmópolis,8ª CJ
4ª RAJ - Campinas,4ª RAJ,Campinas,Juiz diretor: Wagner Roby Gidaro,(wgidaro@tjsp.jus.br),Espírito Santo do Pinhal - 50ª CJ,Espírito Santo do Pinhal,50ª CJ
4ª RAJ - Campinas,4ª RAJ,Campinas,Juiz diretor: Wagner Roby Gidaro,(wgidaro@tjsp.jus.br),Francisco Morato - 5ª CJ,Francisco Morato,5ª CJ
4ª RAJ - Campinas,4ª RAJ,Campinas,Juiz diretor: Wagner Roby Gidaro,(wgidaro@tjsp.jus.br),Franco da Rocha - 5ª CJ,Franco da Rocha,5ª CJ
4ª RAJ - Campinas,4ª RAJ,Campinas,Juiz diretor: Wagner Roby Gidaro,(wgidaro@tjsp.jus.br),Hortolândia - 53ª CJ,Hortolândia,53ª CJ
4ª RAJ - Campinas,4ª RAJ,Campinas,Juiz diretor: Wagner Roby Gidaro,(wgidaro@tjsp.jus.br),Itapira - 7ª CJ,Itapira,7ª CJ
4ª RAJ - Campinas,4ª RAJ,Campinas,Juiz diretor: Wagner Roby Gidaro,(wgidaro@tjsp.jus.br),Itatiba - 5ª CJ,Itatiba,5ª CJ
4ª RAJ - Campinas,4ª RAJ,Campinas,Juiz diretor: Wagner Roby Gidaro,(wgidaro@tjsp.jus.br),Itirapina - 9ª CJ,Itirapina,9ª CJ
4ª RAJ - Campinas,4ª RAJ,Campinas,Juiz diretor: Wagner Roby Gidaro,(wgidaro@tjsp.jus.br),Itupeva - 5ª CJ,Itupeva,5ª CJ
4ª RAJ - Campinas,4ª RAJ,Campinas,Juiz diretor: Wagner Roby Gidaro,(wgidaro@tjsp.jus.br),Jaguariúna - 54ª CJ,Jaguariúna,54ª CJ
4ª RAJ - Campinas,4ª RAJ,Campinas,Juiz diretor: Wagner Roby Gidaro,(wgidaro@tjsp.jus.br),Jarinu - 6ª CJ,Jarinu,6ª CJ
4ª RAJ - Campinas,4ª RAJ,Campinas,Juiz diretor: Wagner Roby Gidaro,(wgidaro@tjsp.jus.br),Jundiaí - 5ª CJ,Jundiaí,5ª CJ
4ª RAJ - Campinas,4ª RAJ,Campinas,Juiz diretor: Wagner Roby Gidaro,(wgidaro@tjsp.jus.br),Laranjal Paulista - 34ª CJ,Laranjal Paulista,34ª CJ
4ª RAJ - Campinas,4ª RAJ,Campinas,Juiz diretor: Wagner Roby Gidaro,(wgidaro@tjsp.jus.br),Leme - 11ª CJ,Leme,11ª CJ
4ª RAJ - Campinas,4ª RAJ,Campinas,Juiz diretor: Wagner Roby Gidaro,(wgidaro@tjsp.jus.br),Limeira - 10ª CJ,Limeira,10ª CJ
4ª RAJ - Campinas,4ª RAJ,Campinas,Juiz diretor: Wagner Roby Gidaro,(wgidaro@tjsp.jus.br),Louveira - 5ª CJ,Louveira,5ª CJ
4ª RAJ - Campinas,4ª RAJ,Campinas,Juiz diretor: Wagner Roby Gidaro,(wgidaro@tjsp.jus.br),Mogi Guaçu - 7ª CJ,Mogi Guaçu,7ª CJ
4ª RAJ - Campinas,4ª RAJ,Campinas,Juiz diretor: Wagner Roby Gidaro,(wgidaro@tjsp.jus.br),Mogi Mirim - 7ª CJ,Mogi Mirim,7ª CJ
4ª RAJ - Campinas,4ª RAJ,Campinas,Juiz diretor: Wagner Roby Gidaro,(wgidaro@tjsp.jus.br),Monte Mor - 34ª CJ,Monte Mor,34ª CJ
4ª RAJ - Campinas,4ª RAJ,Campinas,Juiz diretor: Wagner Roby Gidaro,(wgidaro@tjsp.jus.br),Nazaré Paulista - 6ª CJ,Nazaré Paulista,6ª CJ
4ª RAJ - Campinas,4ª RAJ,Campinas,Juiz diretor: Wagner Roby Gidaro,(wgidaro@tjsp.jus.br),Nova Odessa - 53ª CJ,Nova Odessa,53ª CJ
4ª RAJ - Campinas,4ª RAJ,Campinas,Juiz diretor: Wagner Roby Gidaro,(wgidaro@tjsp.jus.br),Paulínia - 8ª CJ,Paulínia,8ª CJ
4ª RAJ - Campinas,4ª RAJ,Campinas,Juiz diretor: Wagner Roby Gidaro,(wgidaro@tjsp.jus.br),Pedreira - 54ª CJ,Pedreira,54ª CJ
4ª RAJ - Campinas,4ª RAJ,Campinas,Juiz diretor: Wagner Roby Gidaro,(wgidaro@tjsp.jus.br),Pinhalzinho - 6ª CJ,Pinhalzinho,6ª CJ
4ª RAJ - Campinas,4ª RAJ,Campinas,Juiz diretor: Wagner Roby Gidaro,(wgidaro@tjsp.jus.br),Piracaia - 6ª CJ,Piracaia,6ª CJ
4ª RAJ - Campinas,4ª RAJ,Campinas,Juiz diretor: Wagner Roby Gidaro,(wgidaro@tjsp.jus.br),Piracicaba - 34ª CJ,Piracicaba,34ª CJ
4ª RAJ - Campinas,4ª RAJ,Campinas,Juiz diretor: Wagner Roby Gidaro,(wgidaro@tjsp.jus.br),Pirassununga - 11ª CJ,Pirassununga,11ª CJ
4ª RAJ - Campinas,4ª RAJ,Campinas,Juiz diretor: Wagner Roby Gidaro,(wgidaro@tjsp.jus.br),Porto Ferreira - 11ª CJ,Porto Ferreira,11ª CJ
4ª RAJ - Campinas,4ª RAJ,Campinas,Juiz diretor: Wagner Roby Gidaro,(wgidaro@tjsp.jus.br),Rio Claro - 9ª CJ,Rio Claro,9ª CJ
4ª RAJ - Campinas,4ª RAJ,Campinas,Juiz diretor: Wagner Roby Gidaro,(wgidaro@tjsp.jus.br),Rio das Pedras - 34ª CJ,Rio das Pedras,34ª CJ
4ª RAJ - Campinas,4ª RAJ,Campinas,Juiz diretor: Wagner Roby Gidaro,(wgidaro@tjsp.jus.br),Santa Bárbara D’Oeste - 53ª CJ,Santa Bárbara D’Oeste,53ª CJ
4ª RAJ - Campinas,4ª RAJ,Campinas,Juiz diretor: Wagner Roby Gidaro,(wgidaro@tjsp.jus.br),Santa Rita do Passa Quatro - 11ª CJ,Santa Rita do Passa Quatro,11ª CJ
4ª RAJ - Campinas,4ª RAJ,Campinas,Juiz diretor: Wagner Roby Gidaro,(wgidaro@tjsp.jus.br),São João da Boa Vista - 50ª CJ,São João da Boa Vista,50ª CJ
4ª RAJ - Campinas,4ª RAJ,Campinas,Juiz diretor: Wagner Roby Gidaro,(wgidaro@tjsp.jus.br),São Pedro - 34ª CJ,São Pedro,34ª CJ
4ª RAJ - Campinas,4ª RAJ,Campinas,Juiz diretor: Wagner Roby Gidaro,(wgidaro@tjsp.jus.br),Serra Negra - 54ª CJ,Serra Negra,54ª CJ
4ª RAJ - Campinas,4ª RAJ,Campinas,Juiz diretor: Wagner Roby Gidaro,(wgidaro@tjsp.jus.br),Socorro - 54ª CJ,Socorro,54ª CJ
4ª RAJ - Campinas,4ª RAJ,Campinas,Juiz diretor: Wagner Roby Gidaro,(wgidaro@tjsp.jus.br),Sumaré - 53ª CJ,Sumaré,53ª CJ
4ª RAJ - Campinas,4ª RAJ,Campinas,Juiz diretor: Wagner Roby Gidaro,(wgidaro@tjsp.jus.br),Tietê - 34ª CJ,Tietê,34ª CJ
4ª RAJ - Campinas,4ª RAJ,Campinas,Juiz diretor: Wagner Roby Gidaro,(wgidaro@tjsp.jus.br),Valinhos - 8ª CJ,Valinhos,8ª CJ
4ª RAJ - Campinas,4ª RAJ,Campinas,Juiz diretor: Wagner Roby Gidaro,(wgidaro@tjsp.jus.br),Vargem Grande do Sul - 50ª CJ,Vargem Grande do Sul,50ª CJ
4ª RAJ - Campinas,4ª RAJ,Campinas,Juiz diretor: Wagner Roby Gidaro,(wgidaro@tjsp.jus.br),Várzea Paulista - 5ª CJ,Várzea Paulista,5ª CJ
4ª RAJ - Campinas,4ª RAJ,Campinas,Juiz diretor: Wagner Roby Gidaro,(wgidaro@tjsp.jus.br),Vila Mimosa - 8ª CJ,Vila Mimosa,8ª CJ
4ª RAJ - Campinas,4ª RAJ,Campinas,Juiz diretor: Wagner Roby Gidaro,(wgidaro@tjsp.jus.br),Vinhedo - 5ª CJ,Vinhedo,5ª CJ
4ª RAJ - Campinas,4ª RAJ,Campinas,Juiz diretor: Wagner Roby Gidaro,(wgidaro@tjsp.jus.br),Aparecida - 48ª CJ,Aparecida,48ª CJ
4ª RAJ - Campinas,4ª RAJ,Campinas,Juiz diretor: Wagner Roby Gidaro,(wgidaro@tjsp.jus.br),Bananal - 48ª CJ,Bananal,48ª CJ
4ª RAJ - Campinas,4ª RAJ,Campinas,Juiz diretor: Wagner Roby Gidaro,(wgidaro@tjsp.jus.br),Caçapava - 47ª CJ,Caçapava,47ª CJ
4ª RAJ - Campinas,4ª RAJ,Campinas,Juiz diretor: Wagner Roby Gidaro,(wgidaro@tjsp.jus.br),Cachoeira Paulista - 48ª CJ,Cachoeira Paulista,48ª CJ
4ª RAJ - Campinas,4ª RAJ,Campinas,Juiz diretor: Wagner Roby Gidaro,(wgidaro@tjsp.jus.br),Campos do Jordão - 47ª CJ,Campos do Jordão,47ª CJ
4ª RAJ - Campinas,4ª RAJ,Campinas,Juiz diretor: Wagner Roby Gidaro,(wgidaro@tjsp.jus.br),Caraguatatuba - 51ª CJ,Caraguatatuba,51ª CJ
4ª RAJ - Campinas,4ª RAJ,Campinas,Juiz diretor: Wagner Roby Gidaro,(wgidaro@tjsp.jus.br),Cruzeiro - 48ª CJ,Cruzeiro,48ª CJ
4ª RAJ - Campinas,4ª RAJ,Campinas,Juiz diretor: Wagner Roby Gidaro,(wgidaro@tjsp.jus.br),Cunha - 48ª CJ,Cunha,48ª CJ
4ª RAJ - Campinas,4ª RAJ,Campinas,Juiz diretor: Wagner Roby Gidaro,(wgidaro@tjsp.jus.br),Guaratinguetá - 48ª CJ,Guaratinguetá,48ª CJ
4ª RAJ - Campinas,4ª RAJ,Campinas,Juiz diretor: Wagner Roby Gidaro,(wgidaro@tjsp.jus.br),Ilhabela - 51ª CJ,Ilhabela,51ª CJ
4ª RAJ - Campinas,4ª RAJ,Campinas,Juiz diretor: Wagner Roby Gidaro,(wgidaro@tjsp.jus.br),Jacareí - 46ª CJ,Jacareí,46ª CJ
4ª RAJ - Campinas,4ª RAJ,Campinas,Juiz diretor: Wagner Roby Gidaro,(wgidaro@tjsp.jus.br),Lorena - 48ª CJ,Lorena,48ª CJ
4ª RAJ - Campinas,4ª RAJ,Campinas,Juiz diretor: Wagner Roby Gidaro,(wgidaro@tjsp.jus.br),Paraibuna - 46ª CJ,Paraibuna,46ª CJ
4ª RAJ - Campinas,4ª RAJ,Campinas,Juiz diretor: Wagner Roby Gidaro,(wgidaro@tjsp.jus.br),Pindamonhangaba - 47ª CJ,Pindamonhangaba,47ª CJ
4ª RAJ - Campinas,4ª RAJ,Campinas,Juiz diretor: Wagner Roby Gidaro,(wgidaro@tjsp.jus.br),Piquete - 48ª CJ,Piquete,48ª CJ
4ª RAJ - Campinas,4ª RAJ,Campinas,Juiz diretor: Wagner Roby Gidaro,(wgidaro@tjsp.jus.br),Queluz - 48ª CJ,Queluz,48ª CJ
4ª RAJ - Campinas,4ª RAJ,Campinas,Juiz diretor: Wagner Roby Gidaro,(wgidaro@tjsp.jus.br),Roseira - 48ª CJ,Roseira,48ª CJ
4ª RAJ - Campinas,4ª RAJ,Campinas,Juiz diretor: Wagner Roby Gidaro,(wgidaro@tjsp.jus.br),Salesópolis - 46ª CJ,Salesópolis,46ª CJ
4ª RAJ - Campinas,4ª RAJ,Campinas,Juiz diretor: Wagner Roby Gidaro,(wgidaro@tjsp.jus.br),Santa Branca - 46ª CJ,Santa Branca,46ª CJ
4ª RAJ - Campinas,4ª RAJ,Campinas,Juiz diretor: Wagner Roby Gidaro,(wgidaro@tjsp.jus.br),São Bento do Sapucaí - 47ª CJ,São Bento do Sapucaí,47ª CJ
4ª RAJ - Campinas,4ª RAJ,Campinas,Juiz diretor: Wagner Roby Gidaro,(wgidaro@tjsp.jus.br),São José dos Campos - 46ª CJ,São José dos Campos,46ª CJ
4ª RAJ - Campinas,4ª RAJ,Campinas,Juiz diretor: Wagner Roby Gidaro,(wgidaro@tjsp.jus.br),São Luis do Paraitinga - 47ª CJ,São Luis do Paraitinga,47ª CJ
4ª RAJ - Campinas,4ª RAJ,Campinas,Juiz diretor: Wagner Roby Gidaro,(wgidaro@tjsp.jus.br),São Sebastião - 51ª CJ,São Sebastião,51ª CJ
4ª RAJ - Campinas,4ª RAJ,Campinas,Juiz diretor: Wagner Roby Gidaro,(wgidaro@tjsp.jus.br),Taubaté - 47ª CJ,Taubaté,47ª CJ
4ª RAJ - Campinas,4ª RAJ,Campinas,Juiz diretor: Wagner Roby Gidaro,(wgidaro@tjsp.jus.br),Tremembé - 47ª CJ,Tremembé,47ª CJ
4ª RAJ - Campinas,4ª RAJ,Campinas,Juiz diretor: Wagner Roby Gidaro,(wgidaro@tjsp.jus.br),Ubatuba - 51ª CJ,Ubatuba,51ª CJ
9ª RAJ - SJ dos Campos,9ª RAJ,SJ dos Campos,Juiz diretor: Carlos Gutemberg de Santis Cunha,(carloscunha@tjsp.jus.br),Aparecida - 48ª CJ,Aparecida,48ª CJ
9ª RAJ - SJ dos Campos,9ª RAJ,SJ dos Campos,Juiz diretor: Carlos Gutemberg de Santis Cunha,(carloscunha@tjsp.jus.br),Bananal - 48ª CJ,Bananal,48ª CJ
9ª RAJ - SJ dos Campos,9ª RAJ,SJ dos Campos,Juiz diretor: Carlos Gutemberg de Santis Cunha,(carloscunha@tjsp.jus.br),Caçapava - 47ª CJ,Caçapava,47ª CJ
9ª RAJ - SJ dos Campos,9ª RAJ,SJ dos Campos,Juiz diretor: Carlos Gutemberg de Santis Cunha,(carloscunha@tjsp.jus.br),Cachoeira Paulista - 48ª CJ,Cachoeira Paulista,48ª CJ
9ª RAJ - SJ dos Campos,9ª RAJ,SJ dos Campos,Juiz diretor: Carlos Gutemberg de Santis Cunha,(carloscunha@tjsp.jus.br),Campos do Jordão - 47ª CJ,Campos do Jordão,47ª CJ
9ª RAJ - SJ dos Campos,9ª RAJ,SJ dos Campos,Juiz diretor: Carlos Gutemberg de Santis Cunha,(carloscunha@tjsp.jus.br),Caraguatatuba - 51ª CJ,Caraguatatuba,51ª CJ
9ª RAJ - SJ dos Campos,9ª RAJ,SJ dos Campos,Juiz diretor: Carlos Gutemberg de Santis Cunha,(carloscunha@tjsp.jus.br),Cruzeiro - 48ª CJ,Cruzeiro,48ª CJ
9ª RAJ - SJ dos Campos,9ª RAJ,SJ dos Campos,Juiz diretor: Carlos Gutemberg de Santis Cunha,(carloscunha@tjsp.jus.br),Cunha - 48ª CJ,Cunha,48ª CJ
9ª RAJ - SJ dos Campos,9ª RAJ,SJ dos Campos,Juiz diretor: Carlos Gutemberg de Santis Cunha,(carloscunha@tjsp.jus.br),Guaratinguetá - 48ª CJ,Guaratinguetá,48ª CJ
9ª RAJ - SJ dos Campos,9ª RAJ,SJ dos Campos,Juiz diretor: Carlos Gutemberg de Santis Cunha,(carloscunha@tjsp.jus.br),Ilhabela - 51ª CJ,Ilhabela,51ª CJ
9ª RAJ - SJ dos Campos,9ª RAJ,SJ dos Campos,Juiz diretor: Carlos Gutemberg de Santis Cunha,(carloscunha@tjsp.jus.br),Jacareí - 46ª CJ,Jacareí,46ª CJ
9ª RAJ - SJ dos Campos,9ª RAJ,SJ dos Campos,Juiz diretor: Carlos Gutemberg de Santis Cunha,(carloscunha@tjsp.jus.br),Lorena - 48ª CJ,Lorena,48ª CJ
9ª RAJ - SJ dos Campos,9ª RAJ,SJ dos Campos,Juiz diretor: Carlos Gutemberg de Santis Cunha,(carloscunha@tjsp.jus.br),Paraibuna - 46ª CJ,Paraibuna,46ª CJ
9ª RAJ - SJ dos Campos,9ª RAJ,SJ dos Campos,Juiz diretor: Carlos Gutemberg de Santis Cunha,(carloscunha@tjsp.jus.br),Pindamonhangaba - 47ª CJ,Pindamonhangaba,47ª CJ
9ª RAJ - SJ dos Campos,9ª RAJ,SJ dos Campos,Juiz diretor: Carlos Gutemberg de Santis Cunha,(carloscunha@tjsp.jus.br),Piquete - 48ª CJ,Piquete,48ª CJ
9ª RAJ - SJ dos Campos,9ª RAJ,SJ dos Campos,Juiz diretor: Carlos Gutemberg de Santis Cunha,(carloscunha@tjsp.jus.br),Queluz - 48ª CJ,Queluz,48ª CJ
9ª RAJ - SJ dos Campos,9ª RAJ,SJ dos Campos,Juiz diretor: Carlos Gutemberg de Santis Cunha,(carloscunha@tjsp.jus.br),Roseira - 48ª CJ,Roseira,48ª CJ
9ª RAJ - SJ dos Campos,9ª RAJ,SJ dos Campos,Juiz diretor: Carlos Gutemberg de Santis Cunha,(carloscunha@tjsp.jus.br),Salesópolis - 46ª CJ,Salesópolis,46ª CJ
9ª RAJ - SJ dos Campos,9ª RAJ,SJ dos Campos,Juiz diretor: Carlos Gutemberg de Santis Cunha,(carloscunha@tjsp.jus.br),Santa Branca - 46ª CJ,Santa Branca,46ª CJ
9ª RAJ - SJ dos Campos,9ª RAJ,SJ dos Campos,Juiz diretor: Carlos Gutemberg de Santis Cunha,(carloscunha@tjsp.jus.br),São Bento do Sapucaí - 47ª CJ,São Bento do Sapucaí,47ª CJ
9ª RAJ - SJ dos Campos,9ª RAJ,SJ dos Campos,Juiz diretor: Carlos Gutemberg de Santis Cunha,(carloscunha@tjsp.jus.br),São José dos Campos - 46ª CJ,São José dos Campos,46ª CJ
9ª RAJ - SJ dos Campos,9ª RAJ,SJ dos Campos,Juiz diretor: Carlos Gutemberg de Santis Cunha,(carloscunha@tjsp.jus.br),São Luis do Paraitinga - 47ª CJ,São Luis do Paraitinga,47ª CJ
9ª RAJ - SJ dos Campos,9ª RAJ,SJ dos Campos,Juiz diretor: Carlos Gutemberg de Santis Cunha,(carloscunha@tjsp.jus.br),São Sebastião - 51ª CJ,São Sebastião,51ª CJ
9ª RAJ - SJ dos Campos,9ª RAJ,SJ dos Campos,Juiz diretor: Carlos Gutemberg de Santis Cunha,(carloscunha@tjsp.jus.br),Taubaté - 47ª CJ,Taubaté,47ª CJ
9ª RAJ - SJ dos Campos,9ª RAJ,SJ dos Campos,Juiz diretor: Carlos Gutemberg de Santis Cunha,(carloscunha@tjsp.jus.br),Tremembé - 47ª CJ,Tremembé,47ª CJ
9ª RAJ - SJ dos Campos,9ª RAJ,SJ dos Campos,Juiz diretor: Carlos Gutemberg de Santis Cunha,(carloscunha@tjsp.jus.br),Ubatuba - 51ª CJ,Ubatuba,51ª CJ
5ª RAJ - Presidente Prudente,5ª RAJ,Presidente Prudente,Juiz diretor: Paulo Gimenes Alonso,(palonso@tjsp.jus.br),Adamantina - 30ª CJ,Adamantina,30ª CJ
5ª RAJ - Presidente Prudente,5ª RAJ,Presidente Prudente,Juiz diretor: Paulo Gimenes Alonso,(palonso@tjsp.jus.br),Assis - 26ª CJ,Assis,26ª CJ
5ª RAJ - Presidente Prudente,5ª RAJ,Presidente Prudente,Juiz diretor: Paulo Gimenes Alonso,(palonso@tjsp.jus.br),Bastos - 30ª CJ,Bastos,30ª CJ
5ª RAJ - Presidente Prudente,5ª RAJ,Presidente Prudente,Juiz diretor: Paulo Gimenes Alonso,(palonso@tjsp.jus.br),Cândido Mota - 26ª CJ,Cândido Mota,26ª CJ
5ª RAJ - Presidente Prudente,5ª RAJ,Presidente Prudente,Juiz diretor: Paulo Gimenes Alonso,(palonso@tjsp.jus.br),Dracena - 29ª CJ,Dracena,29ª CJ
5ª RAJ - Presidente Prudente,5ª RAJ,Presidente Prudente,Juiz diretor: Paulo Gimenes Alonso,(palonso@tjsp.jus.br),Flórida Paulista - 30ª CJ,Flórida Paulista,30ª CJ
5ª RAJ - Presidente Prudente,5ª RAJ,Presidente Prudente,Juiz diretor: Paulo Gimenes Alonso,(palonso@tjsp.jus.br),Gália - 31ª CJ,Gália,31ª CJ
5ª RAJ - Presidente Prudente,5ª RAJ,Presidente Prudente,Juiz diretor: Paulo Gimenes Alonso,(palonso@tjsp.jus.br),Garça - 31ª CJ,Garça,31ª CJ
5ª RAJ - Presidente Prudente,5ª RAJ,Presidente Prudente,Juiz diretor: Paulo Gimenes Alonso,(palonso@tjsp.jus.br),Iepê - 27ª CJ,Iepê,27ª CJ
5ª RAJ - Presidente Prudente,5ª RAJ,Presidente Prudente,Juiz diretor: Paulo Gimenes Alonso,(palonso@tjsp.jus.br),Junqueirópolis - 29ª CJ,Junqueirópolis,29ª CJ
5ª RAJ - Presidente Prudente,5ª RAJ,Presidente Prudente,Juiz diretor: Paulo Gimenes Alonso,(palonso@tjsp.jus.br),Lucélia - 30ª CJ,Lucélia,30ª CJ
5ª RAJ - Presidente Prudente,5ª RAJ,Presidente Prudente,Juiz diretor: Paulo Gimenes Alonso,(palonso@tjsp.jus.br),Maracaí - 26ª CJ,Maracaí,26ª CJ
5ª RAJ - Presidente Prudente,5ª RAJ,Presidente Prudente,Juiz diretor: Paulo Gimenes Alonso,(palonso@tjsp.jus.br),Marília - 31ª CJ,Marília,31ª CJ
5ª RAJ - Presidente Prudente,5ª RAJ,Presidente Prudente,Juiz diretor: Paulo Gimenes Alonso,(palonso@tjsp.jus.br),Martinópolis - 27ª CJ,Martinópolis,27ª CJ
5ª RAJ - Presidente Prudente,5ª RAJ,Presidente Prudente,Juiz diretor: Paulo Gimenes Alonso,(palonso@tjsp.jus.br),Mirante do Paranapanema - 28ª CJ,Mirante do Paranapanema,28ª CJ
5ª RAJ - Presidente Prudente,5ª RAJ,Presidente Prudente,Juiz diretor: Paulo Gimenes Alonso,(palonso@tjsp.jus.br),Osvaldo Cruz - 30ª CJ,Osvaldo Cruz,30ª CJ
5ª RAJ - Presidente Prudente,5ª RAJ,Presidente Prudente,Juiz diretor: Paulo Gimenes Alonso,(palonso@tjsp.jus.br),Pacaembu - 29ª CJ,Pacaembu,29ª CJ
5ª RAJ - Presidente Prudente,5ª RAJ,Presidente Prudente,Juiz diretor: Paulo Gimenes Alonso,(palonso@tjsp.jus.br),Palmital - 26ª CJ,Palmital,26ª CJ
5ª RAJ - Presidente Prudente,5ª RAJ,Presidente Prudente,Juiz diretor: Paulo Gimenes Alonso,(palonso@tjsp.jus.br),Panorama - 29ª CJ,Panorama,29ª CJ
5ª RAJ - Presidente Prudente,5ª RAJ,Presidente Prudente,Juiz diretor: Paulo Gimenes Alonso,(palonso@tjsp.jus.br),Paraguaçu Paulista - 26ª CJ,Paraguaçu Paulista,26ª CJ
5ª RAJ - Presidente Prudente,5ª RAJ,Presidente Prudente,Juiz diretor: Paulo Gimenes Alonso,(palonso@tjsp.jus.br),Pirapozinho - 27ª CJ,Pirapozinho,27ª CJ
5ª RAJ - Presidente Prudente,5ª RAJ,Presidente Prudente,Juiz diretor: Paulo Gimenes Alonso,(palonso@tjsp.jus.br),Pompéia - 31ª CJ,Pompéia,31ª CJ
5ª RAJ - Presidente Prudente,5ª RAJ,Presidente Prudente,Juiz diretor: Paulo Gimenes Alonso,(palonso@tjsp.jus.br),Presidente Bernardes - 27ª CJ,Presidente Bernardes,27ª CJ
5ª RAJ - Presidente Prudente,5ª RAJ,Presidente Prudente,Juiz diretor: Paulo Gimenes Alonso,(palonso@tjsp.jus.br),Presidente Epitácio - 28ª CJ,Presidente Epitácio,28ª CJ
5ª RAJ - Presidente Prudente,5ª RAJ,Presidente Prudente,Juiz diretor: Paulo Gimenes Alonso,(palonso@tjsp.jus.br),Presidente Prudente - 27ª CJ,Presidente Prudente,27ª CJ
5ª RAJ - Presidente Prudente,5ª RAJ,Presidente Prudente,Juiz diretor: Paulo Gimenes Alonso,(palonso@tjsp.jus.br),Presidente Venceslau - 28ª CJ,Presidente Venceslau,28ª CJ
5ª RAJ - Presidente Prudente,5ª RAJ,Presidente Prudente,Juiz diretor: Paulo Gimenes Alonso,(palonso@tjsp.jus.br),Quatá - 26ª CJ,Quatá,26ª CJ
5ª RAJ - Presidente Prudente,5ª RAJ,Presidente Prudente,Juiz diretor: Paulo Gimenes Alonso,(palonso@tjsp.jus.br),Rancharia - 27ª CJ,Rancharia,27ª CJ
5ª RAJ - Presidente Prudente,5ª RAJ,Presidente Prudente,Juiz diretor: Paulo Gimenes Alonso,(palonso@tjsp.jus.br),Regente Feijó - 27ª CJ,Regente Feijó,27ª CJ
5ª RAJ - Presidente Prudente,5ª RAJ,Presidente Prudente,Juiz diretor: Paulo Gimenes Alonso,(palonso@tjsp.jus.br),Rosana - 28ª CJ,Rosana,28ª CJ
5ª RAJ - Presidente Prudente,5ª RAJ,Presidente Prudente,Juiz diretor: Paulo Gimenes Alonso,(palonso@tjsp.jus.br),Santo Anastácio - 28ª CJ,Santo Anastácio,28ª CJ
5ª RAJ - Presidente Prudente,5ª RAJ,Presidente Prudente,Juiz diretor: Paulo Gimenes Alonso,(palonso@tjsp.jus.br),Teodoro Sampaio - 28ª CJ,Teodoro Sampaio,28ª CJ
5ª RAJ - Presidente Prudente,5ª RAJ,Presidente Prudente,Juiz diretor: Paulo Gimenes Alonso,(palonso@tjsp.jus.br),Tupã - 30ª CJ,Tupã,30ª CJ
5ª RAJ - Presidente Prudente,5ª RAJ,Presidente Prudente,Juiz diretor: Paulo Gimenes Alonso,(palonso@tjsp.jus.br),Tupi Paulista - 29ª CJ,Tupi Paulista,29ª CJ
5ª RAJ - Presidente Prudente,5ª RAJ,Presidente Prudente,Juiz diretor: Paulo Gimenes Alonso,(palonso@tjsp.jus.br),Angatuba - 22ª CJ,Angatuba,22ª CJ
5ª RAJ - Presidente Prudente,5ª RAJ,Presidente Prudente,Juiz diretor: Paulo Gimenes Alonso,(palonso@tjsp.jus.br),Apiaí - 49ª CJ,Apiaí,49ª CJ
5ª RAJ - Presidente Prudente,5ª RAJ,Presidente Prudente,Juiz diretor: Paulo Gimenes Alonso,(palonso@tjsp.jus.br),Boituva - 20ª CJ,Boituva,20ª CJ
5ª RAJ - Presidente Prudente,5ª RAJ,Presidente Prudente,Juiz diretor: Paulo Gimenes Alonso,(palonso@tjsp.jus.br),Buri - 49ª CJ,Buri,49ª CJ
5ª RAJ - Presidente Prudente,5ª RAJ,Presidente Prudente,Juiz diretor: Paulo Gimenes Alonso,(palonso@tjsp.jus.br),Cabreúva - 20ª CJ,Cabreúva,20ª CJ
5ª RAJ - Presidente Prudente,5ª RAJ,Presidente Prudente,Juiz diretor: Paulo Gimenes Alonso,(palonso@tjsp.jus.br),Capão Bonito - 22ª CJ,Capão Bonito,22ª CJ
5ª RAJ - Presidente Prudente,5ª RAJ,Presidente Prudente,Juiz diretor: Paulo Gimenes Alonso,(palonso@tjsp.jus.br),Cesário Lange - 22ª CJ,Cesário Lange,22ª CJ
5ª RAJ - Presidente Prudente,5ª RAJ,Presidente Prudente,Juiz diretor: Paulo Gimenes Alonso,(palonso@tjsp.jus.br),Ibiúna - 19ª CJ,Ibiúna,19ª CJ
5ª RAJ - Presidente Prudente,5ª RAJ,Presidente Prudente,Juiz diretor: Paulo Gimenes Alonso,(palonso@tjsp.jus.br),Indaiatuba - 20ª CJ,Indaiatuba,20ª CJ
5ª RAJ - Presidente Prudente,5ª RAJ,Presidente Prudente,Juiz diretor: Paulo Gimenes Alonso,(palonso@tjsp.jus.br),Itaberá - 49ª CJ,Itaberá,49ª CJ
5ª RAJ - Presidente Prudente,5ª RAJ,Presidente Prudente,Juiz diretor: Paulo Gimenes Alonso,(palonso@tjsp.jus.br),Itapetininga - 22ª CJ,Itapetininga,22ª CJ
5ª RAJ - Presidente Prudente,5ª RAJ,Presidente Prudente,Juiz diretor: Paulo Gimenes Alonso,(palonso@tjsp.jus.br),Itapeva - 49ª CJ,Itapeva,49ª CJ
5ª RAJ - Presidente Prudente,5ª RAJ,Presidente Prudente,Juiz diretor: Paulo Gimenes Alonso,(palonso@tjsp.jus.br),Itaporanga - 49ª CJ,Itaporanga,49ª CJ
5ª RAJ - Presidente Prudente,5ª RAJ,Presidente Prudente,Juiz diretor: Paulo Gimenes Alonso,(palonso@tjsp.jus.br),Itararé - 49ª CJ,Itararé,49ª CJ
5ª RAJ - Presidente Prudente,5ª RAJ,Presidente Prudente,Juiz diretor: Paulo Gimenes Alonso,(palonso@tjsp.jus.br),Itu - 20ª CJ,Itu,20ª CJ
5ª RAJ - Presidente Prudente,5ª RAJ,Presidente Prudente,Juiz diretor: Paulo Gimenes Alonso,(palonso@tjsp.jus.br),Mairinque - 19ª CJ,Mairinque,19ª CJ
5ª RAJ - Presidente Prudente,5ª RAJ,Presidente Prudente,Juiz diretor: Paulo Gimenes Alonso,(palonso@tjsp.jus.br),Piedade - 19ª CJ,Piedade,19ª CJ
5ª RAJ - Presidente Prudente,5ª RAJ,Presidente Prudente,Juiz diretor: Paulo Gimenes Alonso,(palonso@tjsp.jus.br),Pilar do Sul - 19ª CJ,Pilar do Sul,19ª CJ
5ª RAJ - Presidente Prudente,5ª RAJ,Presidente Prudente,Juiz diretor: Paulo Gimenes Alonso,(palonso@tjsp.jus.br),Porangaba - 22ª CJ,Porangaba,22ª CJ
5ª RAJ - Presidente Prudente,5ª RAJ,Presidente Prudente,Juiz diretor: Paulo Gimenes Alonso,(palonso@tjsp.jus.br),Porto Feliz - 20ª CJ,Porto Feliz,20ª CJ
5ª RAJ - Presidente Prudente,5ª RAJ,Presidente Prudente,Juiz diretor: Paulo Gimenes Alonso,(palonso@tjsp.jus.br),Salto - 20ª CJ,Salto,20ª CJ
5ª RAJ - Presidente Prudente,5ª RAJ,Presidente Prudente,Juiz diretor: Paulo Gimenes Alonso,(palonso@tjsp.jus.br),Salto de Pirapora - 19ª CJ,Salto de Pirapora,19ª CJ
5ª RAJ - Presidente Prudente,5ª RAJ,Presidente Prudente,Juiz diretor: Paulo Gimenes Alonso,(palonso@tjsp.jus.br),São Miguel Arcanjo - 22ª CJ,São Miguel Arcanjo,22ª CJ
5ª RAJ - Presidente Prudente,5ª RAJ,Presidente Prudente,Juiz diretor: Paulo Gimenes Alonso,(palonso@tjsp.jus.br),São Roque - 19ª CJ,São Roque,19ª CJ
5ª RAJ - Presidente Prudente,5ª RAJ,Presidente Prudente,Juiz diretor: Paulo Gimenes Alonso,(palonso@tjsp.jus.br),Sorocaba - 19ª CJ,Sorocaba,19ª CJ
5ª RAJ - Presidente Prudente,5ª RAJ,Presidente Prudente,Juiz diretor: Paulo Gimenes Alonso,(palonso@tjsp.jus.br),Tatuí - 22ª CJ,Tatuí,22ª CJ
5ª RAJ - Presidente Prudente,5ª RAJ,Presidente Prudente,Juiz diretor: Paulo Gimenes Alonso,(palonso@tjsp.jus.br),Votorantim - 19ª CJ,Votorantim,19ª CJ
10ª RAJ - Sorocaba,10ª RAJ,Sorocaba,Juiz diretor: Alexandre Dartanhan de Mello Guerra,(adguerra@tjsp.jus.br),Angatuba - 22ª CJ,Angatuba,22ª CJ
10ª RAJ - Sorocaba,10ª RAJ,Sorocaba,Juiz diretor: Alexandre Dartanhan de Mello Guerra,(adguerra@tjsp.jus.br),Apiaí - 49ª CJ,Apiaí,49ª CJ
10ª RAJ - Sorocaba,10ª RAJ,Sorocaba,Juiz diretor: Alexandre Dartanhan de Mello Guerra,(adguerra@tjsp.jus.br),Boituva - 20ª CJ,Boituva,20ª CJ
10ª RAJ - Sorocaba,10ª RAJ,Sorocaba,Juiz diretor: Alexandre Dartanhan de Mello Guerra,(adguerra@tjsp.jus.br),Buri - 49ª CJ,Buri,49ª CJ
10ª RAJ - Sorocaba,10ª RAJ,Sorocaba,Juiz diretor: Alexandre Dartanhan de Mello Guerra,(adguerra@tjsp.jus.br),Cabreúva - 20ª CJ,Cabreúva,20ª CJ
10ª RAJ - Sorocaba,10ª RAJ,Sorocaba,Juiz diretor: Alexandre Dartanhan de Mello Guerra,(adguerra@tjsp.jus.br),Capão Bonito - 22ª CJ,Capão Bonito,22ª CJ
10ª RAJ - Sorocaba,10ª RAJ,Sorocaba,Juiz diretor: Alexandre Dartanhan de Mello Guerra,(adguerra@tjsp.jus.br),Cesário Lange - 22ª CJ,Cesário Lange,22ª CJ
10ª RAJ - Sorocaba,10ª RAJ,Sorocaba,Juiz diretor: Alexandre Dartanhan de Mello Guerra,(adguerra@tjsp.jus.br),Ibiúna - 19ª CJ,Ibiúna,19ª CJ
10ª RAJ - Sorocaba,10ª RAJ,Sorocaba,Juiz diretor: Alexandre Dartanhan de Mello Guerra,(adguerra@tjsp.jus.br),Indaiatuba - 20ª CJ,Indaiatuba,20ª CJ
10ª RAJ - Sorocaba,10ª RAJ,Sorocaba,Juiz diretor: Alexandre Dartanhan de Mello Guerra,(adguerra@tjsp.jus.br),Itaberá - 49ª CJ,Itaberá,49ª CJ
10ª RAJ - Sorocaba,10ª RAJ,Sorocaba,Juiz diretor: Alexandre Dartanhan de Mello Guerra,(adguerra@tjsp.jus.br),Itapetininga - 22ª CJ,Itapetininga,22ª CJ
10ª RAJ - Sorocaba,10ª RAJ,Sorocaba,Juiz diretor: Alexandre Dartanhan de Mello Guerra,(adguerra@tjsp.jus.br),Itapeva - 49ª CJ,Itapeva,49ª CJ
10ª RAJ - Sorocaba,10ª RAJ,Sorocaba,Juiz diretor: Alexandre Dartanhan de Mello Guerra,(adguerra@tjsp.jus.br),Itaporanga - 49ª CJ,Itaporanga,49ª CJ
10ª RAJ - Sorocaba,10ª RAJ,Sorocaba,Juiz diretor: Alexandre Dartanhan de Mello Guerra,(adguerra@tjsp.jus.br),Itararé - 49ª CJ,Itararé,49ª CJ
10ª RAJ - Sorocaba,10ª RAJ,Sorocaba,Juiz diretor: Alexandre Dartanhan de Mello Guerra,(adguerra@tjsp.jus.br),Itu - 20ª CJ,Itu,20ª CJ
10ª RAJ - Sorocaba,10ª RAJ,Sorocaba,Juiz diretor: Alexandre Dartanhan de Mello Guerra,(adguerra@tjsp.jus.br),Mairinque - 19ª CJ,Mairinque,19ª CJ
10ª RAJ - Sorocaba,10ª RAJ,Sorocaba,Juiz diretor: Alexandre Dartanhan de Mello Guerra,(adguerra@tjsp.jus.br),Piedade - 19ª CJ,Piedade,19ª CJ
10ª RAJ - Sorocaba,10ª RAJ,Sorocaba,Juiz diretor: Alexandre Dartanhan de Mello Guerra,(adguerra@tjsp.jus.br),Pilar do Sul - 19ª CJ,Pilar do Sul,19ª CJ
10ª RAJ - Sorocaba,10ª RAJ,Sorocaba,Juiz diretor: Alexandre Dartanhan de Mello Guerra,(adguerra@tjsp.jus.br),Porangaba - 22ª CJ,Porangaba,22ª CJ
10ª RAJ - Sorocaba,10ª RAJ,Sorocaba,Juiz diretor: Alexandre Dartanhan de Mello Guerra,(adguerra@tjsp.jus.br),Porto Feliz - 20ª CJ,Porto Feliz,20ª CJ
10ª RAJ - Sorocaba,10ª RAJ,Sorocaba,Juiz diretor: Alexandre Dartanhan de Mello Guerra,(adguerra@tjsp.jus.br),Salto - 20ª CJ,Salto,20ª CJ
10ª RAJ - Sorocaba,10ª RAJ,Sorocaba,Juiz diretor: Alexandre Dartanhan de Mello Guerra,(adguerra@tjsp.jus.br),Salto de Pirapora - 19ª CJ,Salto de Pirapora,19ª CJ
10ª RAJ - Sorocaba,10ª RAJ,Sorocaba,Juiz diretor: Alexandre Dartanhan de Mello Guerra,(adguerra@tjsp.jus.br),São Miguel Arcanjo - 22ª CJ,São Miguel Arcanjo,22ª CJ
10ª RAJ - Sorocaba,10ª RAJ,Sorocaba,Juiz diretor: Alexandre Dartanhan de Mello Guerra,(adguerra@tjsp.jus.br),São Roque - 19ª CJ,São Roque,19ª CJ
10ª RAJ - Sorocaba,10ª RAJ,Sorocaba,Juiz diretor: Alexandre Dartanhan de Mello Guerra,(adguerra@tjsp.jus.br),Sorocaba - 19ª CJ,Sorocaba,19ª CJ
10ª RAJ - Sorocaba,10ª RAJ,Sorocaba,Juiz diretor: Alexandre Dartanhan de Mello Guerra,(adguerra@tjsp.jus.br),Tatuí - 22ª CJ,Tatuí,22ª CJ
10ª RAJ - Sorocaba,10ª RAJ,Sorocaba,Juiz diretor: Alexandre Dartanhan de Mello Guerra,(adguerra@tjsp.jus.br),Votorantim - 19ª CJ,Votorantim,19ª CJ
